-- phpMyAdmin SQL Dump
-- version 5.2.0
-- https://www.phpmyadmin.net/
--
-- Gép: 127.0.0.1
-- Létrehozás ideje: 2024. Ápr 16. 10:35
-- Kiszolgáló verziója: 10.4.27-MariaDB
-- PHP verzió: 8.1.12

SET SQL_MODE = "NO_AUTO_VALUE_ON_ZERO";
START TRANSACTION;
SET time_zone = "+00:00";


/*!40101 SET @OLD_CHARACTER_SET_CLIENT=@@CHARACTER_SET_CLIENT */;
/*!40101 SET @OLD_CHARACTER_SET_RESULTS=@@CHARACTER_SET_RESULTS */;
/*!40101 SET @OLD_COLLATION_CONNECTION=@@COLLATION_CONNECTION */;
/*!40101 SET NAMES utf8mb4 */;

--
-- Adatbázis: `autoberlespm`
--
CREATE DATABASE IF NOT EXISTS `autoberlespm` DEFAULT CHARACTER SET utf8 COLLATE utf8_hungarian_ci;
USE `autoberlespm`;

-- --------------------------------------------------------

--
-- Tábla szerkezet ehhez a táblához `bodytype`
--

CREATE TABLE `bodytype` (
  `BodyTypeID` int(11) NOT NULL,
  `BodyTypeName` varchar(15) DEFAULT NULL
) ENGINE=InnoDB DEFAULT CHARSET=utf8 COLLATE=utf8_hungarian_ci;

--
-- A tábla adatainak kiíratása `bodytype`
--

INSERT INTO `bodytype` (`BodyTypeID`, `BodyTypeName`) VALUES
(1, 'Kombi'),
(2, 'Szedán'),
(3, 'Kupé'),
(4, 'Ferdehátú'),
(5, 'Kabrió'),
(6, 'Terepjáró');

-- --------------------------------------------------------

--
-- Tábla szerkezet ehhez a táblához `brand`
--

CREATE TABLE `brand` (
  `BrandID` int(11) NOT NULL,
  `BrandName` varchar(12) DEFAULT NULL
) ENGINE=InnoDB DEFAULT CHARSET=utf8 COLLATE=utf8_hungarian_ci;

--
-- A tábla adatainak kiíratása `brand`
--

INSERT INTO `brand` (`BrandID`, `BrandName`) VALUES
(1, 'Suzuki'),
(2, 'Volkswagen'),
(3, 'Mercedes'),
(4, 'Audi'),
(5, 'Volvo'),
(6, 'Opel'),
(7, 'Mini');

-- --------------------------------------------------------

--
-- Tábla szerkezet ehhez a táblához `car`
--

CREATE TABLE `car` (
  `CarID` int(11) NOT NULL,
  `ModelID` int(11) NOT NULL,
  `BodyTypeID` int(11) DEFAULT NULL,
  `FuelID` int(11) DEFAULT NULL,
  `DriveID` int(11) DEFAULT NULL,
  `TransmissionID` int(11) DEFAULT NULL,
  `Description` varchar(1500) DEFAULT NULL,
  `Picture` varchar(255) NOT NULL,
  `Color` varchar(10) DEFAULT NULL,
  `Engine` varchar(20) DEFAULT NULL,
  `Performance` varchar(6) DEFAULT NULL,
  `Seats` int(11) DEFAULT NULL,
  `ProductionYear` int(11) DEFAULT NULL,
  `AirConditioning` tinyint(4) DEFAULT NULL,
  `Deposit` int(11) DEFAULT NULL,
  `PricePerDay` int(11) DEFAULT NULL
) ENGINE=InnoDB DEFAULT CHARSET=utf8 COLLATE=utf8_hungarian_ci;

--
-- A tábla adatainak kiíratása `car`
--

INSERT INTO `car` (`CarID`, `ModelID`, `BodyTypeID`, `FuelID`, `DriveID`, `TransmissionID`, `Description`, `Picture`, `Color`, `Engine`, `Performance`, `Seats`, `ProductionYear`, `AirConditioning`, `Deposit`, `PricePerDay`) VALUES
(1, 1, 6, 1, 3, 2, 'A Suzuki Vitara (2015) egy kompakt SUV típusú jármű, amelyet a japán Suzuki gyártott. A jármű a középkategóriába tartozik, és sok tekintetben kiváló teljesítményt nyújt. A Vitara jellegzetes és vonzó megjelenéssel rendelkezik, amely egyszerre modern és sportos. A jármű könnyű és erős konstrukcióval rendelkezik, amely biztosítja a kiváló menettulajdonságokat és a hosszú élettartamot.', '/autoberles2024.03.04/images/SuzukiVitara.jpg', 'Sötétezüst', '1586', '120', 5, 2015, 1, 60000, 15000),
(2, 2, 4, 1, 1, 1, 'A Suzuki Swift 2007 1.4-es változata egy kedvelt, kis méretű városi autó, amely kitűnő választás lehet mindennapi használatra. A 1.4 literes motor elegendő dinamikát biztosít a városi közlekedéshez, miközben gazdaságos üzemanyag-fogyasztást kínál, ami ideális a költségtudatos sofőrök számára. A Swift sportos külső dizájna és kompakt méretei miatt könnyen manőverezhető a szűk utcákon és zsúfolt parkolókban egyaránt. Az autó beltere egyszerű, de funkcionális, elegendő kényelmet nyújtva a mindennapi utazásokhoz. Az 2007-es modell évek óta bizonyított megbízhatósága és alacsony fenntartási költségei miatt továbbra is népszerű választás a használt autók piacán.', '/autoberles2024.03.04/images/SuzukiSwift.jpg', 'Kék', '1328', '92', 5, 2007, 0, 25000, 11000),
(3, 3, 1, 2, 1, 1, 'A Volkswagen Golf V 2007-es 1.9 TDI változata egy megbízható és népszerű modell a kompakt autók kategóriájában, amelyet különösen azok számára terveztek, akik egyaránt értékelik a gazdaságosságot és a teljesítményt. A 1.9 literes turbódízel motorja kiváló egyensúlyt nyújt erőteljes menetteljesítmény és alacsony üzemanyag-fogyasztás között, ami ideális választássá teszi hosszabb utazásokhoz és városi használathoz egyaránt. A Golf V jellegzetes, letisztult dizájnja és magas szintű utasterének kényelme kiemelkedik a versenytársak közül, miközben a Volkswagen általánosan elismert megbízhatósága biztosítja, hogy ez a modell hosszú távon is jó választás legyen. A praktikus belső elrendezés és a jó csomagtér-méret tovább növeli ennek a modellnek a sokoldalúságát.', '/autoberles2024.03.04/images/VWGolfV.jpg', 'Szürke', '1896', '105', 5, 2007, 1, 35000, 14500),
(4, 4, 4, 1, 1, 1, 'A Volkswagen Polo V 2009-es 1.2-es változata egy rendkívül népszerű városi kisautó, amely ideális választás lehet azok számára, akik egy megbízható, könnyen kezelhető és gazdaságos járművet keresnek. A 1.2 literes benzinmotor elegendő erőt biztosít a mindennapi városi közlekedéshez, miközben kedvező üzemanyag-fogyasztása révén költséghatékony fenntartást garantál. A Polo V kompakt méreteivel könnyedén manőverezhető a zsúfolt városi utcákon, ugyanakkor meglepően tágas beltere kényelmet nyújt az utasok számára. A modell modern, letisztult külső dizájnja és a Volkswagenre jellemző magas minőségű belső kivitelezés tovább erősíti a Polo piaci pozícióját mint egy kiváló városi autó.', '/autoberles2024.03.04/images/VWPoloV.jpg', 'Fekete', '1198', '69', 5, 2009, 1, 30000, 12500),
(5, 5, 4, 1, 4, 2, 'A 2020-as Mercedes-AMG A35 egy lenyűgöző teljesítményű kompakt autó, amely magában hordozza a Mercedes-AMG mérnökeinek és formatervezőinek kifinomult mesterségét és szenvedélyét. A 2.0 literes turbófeltöltésű motorja kiválóan egyesíti az erejét és a hatékonyságot, hogy lenyűgöző teljesítményt nyújtson minden útra. Az A35 különleges AMG-tuninggal ellátott futóműve, kormányzása és fékrendszere az autó minden pillanatában érezhető dinamizmust és precizitást biztosít. A sofisztikált külső dizájn és a Mercedes belső kivitelezésének luxusa egyedi élményt nyújt mind a vezető, mind az utasok számára. Az A35 nemcsak sportos megjelenése miatt lenyűgöző, hanem technológiai innovációi révén is, amelyek magukban foglalják az intelligens vezetéstámogató rendszereket, hogy a vezetés minden pillanata a legmagasabb szintű élmény legyen.', '/autoberles2024.03.04/images/amga35.jpg', 'Metálkék', '1991', '306', 5, 2020, 1, 280000, 55000),
(6, 6, 2, 1, 2, 2, 'A Mercedes-AMG 500E 1992 egy legendás autó, amely ötvözi a Mercedes-Benz eleganciáját és luxusát az AMG teljesítménnyel és sportossággal. Ez az autó egy különleges együttműködés eredménye volt a Mercedes-Benz és az AMG között, és azonnal felismerhető volt a páratlan vezetési élményről és a magas szintű kivitelezésről. A 5.0 literes V8-as motorja döbbenetes erejű, ami szupergyors gyorsulást és magával ragadó teljesítményt kínál minden útra. A 500E egyedi külső megjelenése mellett luxusbeltere is lenyűgöző, kényelmes és exkluzív atmoszférát teremtve minden utazás során. Ez az autó nem csupán egy jármű, hanem egy időtlen ikon, amely még ma is méltán áll a luxusautók csúcsa közelében.', '/autoberles2024.03.04/images/mbe500.jpg', 'Fekete', '4973', '326', 5, 1992, 0, 300000, 79000),
(7, 7, 5, 2, 1, 1, 'Az Audi A3 2014-es 1.6-os modellje egy kiváló minőségű kompakt autó, amely ötvözi az Audi eleganciáját és prémium érzetét a gazdaságos üzemeltethetőséggel. A 1.6 literes dízelmotorja kiváló teljesítményt nyújt üzemanyag-hatékony módon, így ideális választás lehet mindennapi használatra és hosszabb utazásokra egyaránt. Az A3 jellegzetes Audi dizájnja magában foglalja az éles vonalakat és a precíz kidolgozást, ami kifinomult megjelenést kölcsönöz az autónak. A belső térben a prémium anyagok és a precíz kivitelezés együttese biztosítja az utasok számára a kényelmet és a stílust. Az Audi A3 széleskörű technológiai lehetőségeket kínál, beleértve az előretekintő vezetést támogató rendszereket, amelyek növelik az autó vezetési élményét és biztonságát. Összességében az Audi A3 2014-es modellje egy kiegyensúlyozott választás lehet azok számára, akik értékelik a prémium minőséget és a gazdaságos működést egyaránt.', '/autoberles2024.03.04/images/AudiA3.jpg', 'Szürke', '1598', '110', 4, 2014, 1, 130000, 35000),
(8, 8, 1, 2, 4, 2, 'Az Audi A6 2017-es 3.0 literes változata egy kifinomult és luxusautó, amely magas szintű teljesítményt és eleganciát kínál. A nagy teljesítményű 3.0 literes motor kombinálja az erőt és a nyomatékot, így rendkívül dinamikus vezetési élményt nyújt mindennapi használatra és hosszabb utazásokra egyaránt. Az A6 jellegzetes Audi dizájnja magában foglalja az elegáns vonalakat és a precíz részleteket, amelyek egyedülálló stílust kölcsönöznek az autónak. A luxus és a kényelem a belső térben is folytatódik, ahol a prémium anyagok és a kifinomult kialakítás egyaránt hozzájárul az utasok magas szintű kényelméhez. Az Audi A6 2017-es modellje tele van high-tech funkciókkal, beleértve a vezetést segítő rendszereket és az Audi innovatív vezetési technológiáit, amelyek növelik a vezetés biztonságát és kényelmét. Összességében az Audi A6 2017-es modellje egy prémium választás lehet azoknak, akik értékelik a kifinomultságot, a teljesítményt és a modern technológiát egy autóban.', '/autoberles2024.03.04/images/AudiA6.jpg', 'Fehér', '2967', '272', 5, 2017, 1, 180000, 50000),
(9, 9, 6, 2, 1, 2, 'A Volvo XC60 2010-es 2.4 literes modellje egy erős és biztonságos választás a prémium SUV kategóriában. A 2.4 literes dízelmotor kiváló teljesítményt és nyomatékot kínál, miközben gazdaságos üzemeltetést tesz lehetővé hosszabb utazásokhoz vagy városi használathoz egyaránt. Az XC60 jellegzetes Volvo dizájnja kiemelkedik a tömegből, és a skandináv minimalizmus jegyeit hordozza magán. A belső tér tágas és kényelmes, kiváló minőségű anyagokkal és kidolgozással, valamint a Volvo szabadalmazott biztonsági funkcióival, amelyek magukban foglalják az előretekintő kollízió megelőzését és a sávtartó asszisztensrendszereket. Az XC60 egyensúlyt teremt a stílus, a teljesítmény és a biztonság között, és így egy vonzó választás lehet azok számára, akik értékelik a vezetési élményt és a csúcsminőségű biztonságot egyaránt.', '/autoberles2024.03.04/images/VolvoXC60.jpg', 'Ezüst', '2400', '175', 5, 2010, 1, 200000, 30000),
(10, 10, 2, 1, 1, 1, 'A Volvo S60 2000-es modellje egy megbízható és stílusos középkategóriás sedan, amelyet a Volvo híres biztonsági funkcióival és strapabíró tervezésével emelkedik ki a tömegből. A 2.5 literes motorja megfelelő teljesítményt nyújt a mindennapi használat során, miközben a Volvo híres dízelmotorjainak tartóssága és gazdaságossága révén gazdaságos üzemeltetést biztosít. A S60 egyedi skandináv stílusa és részletei vonzó megjelenést kölcsönöznek a járműnek, miközben a belső tér tágas és kényelmes. A Volvo S60 egyensúlyt teremt a kényelem, a megbízhatóság és a biztonság között, így ideális választás lehet azok számára, akik értékelik a stabilitást és az autópálya-kompatibilitást egy autóban.', '/autoberles2024.03.04/images/VolvoS60.jpg', 'Ezüst', '2435', '170', 5, 2000, 0, 80000, 17000),
(11, 11, 1, 2, 1, 2, 'Az Opel Astra 2011-es 2.0 literes kombi verziója egy kiváló választás lehet azoknak, akik keresnek egy praktikus és megbízható autót, mely ötvözi a tágas belső teret a dinamikus teljesítménnyel. A 2.0 literes motorja erőteljes és hatékony, ideális kombinációja a városi és hosszú távú utazásoknak. A kombi változat tágas csomagtartóval rendelkezik, amely lehetővé teszi a sokféle szállítási lehetőséget, legyen szó családi kirándulásról vagy bevásárlásról. Az Astra vonzó megjelenése és praktikus belső tervezése vonzóvá teszi mind az egyéni, mind a családi felhasználók számára. Az Opel Astra híres megbízhatóságával és alacsony fenntartási költségeivel tovább növeli a modell vonzerejét a használt autó vásárlók körében. Összességében az Opel Astra 2011-es kombi változata egy sokoldalú és praktikus autó, amely kényelmet és teljesítményt kínál a mindennapi használathoz.', '/autoberles2024.03.04/images/opelastra.jpg', 'Szürke', '1956', '165', 5, 2011, 1, 140000, 22000),
(12, 12, 2, 2, 2, 1, 'Az Opel Insignia 2011-es 2.0 literes kupé kivitele egy izgalmas és elegáns autó, amely a stílust és a teljesítményt ötvözi. A 2.0 literes motorja erős és dinamikus vezetési élményt nyújt, miközben gazdaságos üzemanyag-fogyasztást tesz lehetővé. A kupé változat vonzó megjelenése és sportos vonalai kiemelik az autó eleganciáját és egyediségét. A belső tér luxus és kényelemmel van tele, prémium anyagok és pontos kivitelezés jellemzi. Az Insignia különleges vezetési élményt nyújt, miközben az Opel híres megbízhatóságát és alacsony fenntartási költségeit kínálja. Összességében az Opel Insignia 2011-es kupé változata egy lenyűgöző autó, amely stílust, teljesítményt és kényelmet kínál a vezetőnek és az utasoknak egyaránt.', '/autoberles2024.03.04/images/opelinsignia.jpg', 'Fekete', '1956', '131', 5, 2011, 1, 150000, 25000),
(13, 13, 3, 1, 2, 1, 'A Mini Cooper S 2002-es 1.6 literes változata egy igazi ikon a kompakt autók világában, amely egyesíti az elegáns stílust és a sportos teljesítményt. A 1.6 literes motorja dinamikus és lendületes vezetési élményt kínál, miközben a Mini karakteres, kis méretű karosszériája lehetővé teszi, hogy könnyedén manőverezzen a városi utcákon és szűk parkolóhelyeken. A Mini Cooper S egyedi megjelenése és a jellegzetes stílusú kialakítása még mindig korszerűnek és vonzónak tűnik, ami megkülönbözteti az utakon. A belső térben az autó kényelmes és ergonomikus, kis mérete ellenére is elegendő helyet kínál az utasoknak és a csomagoknak. Ez az autó nem csupán egy jármű, hanem egy életstílus kifejeződése, amely a sportosságot, az eleganciát és a kifinomultságot kombinálja egy lenyűgöző vezetési élményben.', '/autoberles2024.03.04/images/minicoopers.jpeg', 'Sötétezüst', '1598', '163', 4, 2002, 0, 120000, 25000);

-- --------------------------------------------------------

--
-- Tábla szerkezet ehhez a táblához `carmodel`
--

CREATE TABLE `carmodel` (
  `ModelID` int(11) NOT NULL,
  `BrandID` int(11) NOT NULL,
  `CarModelName` varchar(10) DEFAULT NULL
) ENGINE=InnoDB DEFAULT CHARSET=utf8 COLLATE=utf8_hungarian_ci;

--
-- A tábla adatainak kiíratása `carmodel`
--

INSERT INTO `carmodel` (`ModelID`, `BrandID`, `CarModelName`) VALUES
(1, 1, 'Vitara'),
(2, 1, 'Swift'),
(3, 2, 'Golf V'),
(4, 2, 'Polo V'),
(5, 3, 'A35'),
(6, 3, '500E'),
(7, 4, 'A3'),
(8, 4, 'A6'),
(9, 5, 'XC60'),
(10, 5, 'S60'),
(11, 6, 'Astra'),
(12, 6, 'Insignia'),
(13, 7, 'Cooper S');

-- --------------------------------------------------------

--
-- Tábla szerkezet ehhez a táblához `drivetype`
--

CREATE TABLE `drivetype` (
  `DriveID` int(11) NOT NULL,
  `DriveName` varchar(3) DEFAULT NULL
) ENGINE=InnoDB DEFAULT CHARSET=utf8 COLLATE=utf8_hungarian_ci;

--
-- A tábla adatainak kiíratása `drivetype`
--

INSERT INTO `drivetype` (`DriveID`, `DriveName`) VALUES
(1, 'FWD'),
(2, 'RWD'),
(3, '4WD'),
(4, 'AWD');

-- --------------------------------------------------------

--
-- Tábla szerkezet ehhez a táblához `fueltype`
--

CREATE TABLE `fueltype` (
  `FuelID` int(11) NOT NULL,
  `FuelName` varchar(10) DEFAULT NULL
) ENGINE=InnoDB DEFAULT CHARSET=utf8 COLLATE=utf8_hungarian_ci;

--
-- A tábla adatainak kiíratása `fueltype`
--

INSERT INTO `fueltype` (`FuelID`, `FuelName`) VALUES
(1, 'Benzin'),
(2, 'Dízel');

-- --------------------------------------------------------

--
-- Tábla szerkezet ehhez a táblához `renter`
--

CREATE TABLE `renter` (
  `RenterID` int(11) NOT NULL,
  `SettlementID` int(11) DEFAULT NULL,
  `Firstname` varchar(30) DEFAULT NULL,
  `Surename` varchar(30) DEFAULT NULL,
  `TelephoneNumber` varchar(12) DEFAULT NULL,
  `Email` varchar(50) DEFAULT NULL,
  `Password` varchar(255) NOT NULL
) ENGINE=InnoDB DEFAULT CHARSET=utf8 COLLATE=utf8_hungarian_ci;

--
-- A tábla adatainak kiíratása `renter`
--

INSERT INTO `renter` (`RenterID`, `SettlementID`, `Firstname`, `Surename`, `TelephoneNumber`, `Email`, `Password`) VALUES
(1, 502, 'Beke', 'Szabolcs', '06501367781', 'bekeszabi26@gmail.com', '$2y$10$sRmZzCvGJ2JutfFKcDv19e2hLc9Dpf00jlO5vd2RzYHSUfyg/P1OW');

-- --------------------------------------------------------

--
-- Tábla szerkezet ehhez a táblához `reservation`
--

CREATE TABLE `reservation` (
  `ReservationID` int(11) NOT NULL,
  `RenterID` int(11) DEFAULT NULL,
  `CarID` int(11) DEFAULT NULL,
  `StartingDay` date DEFAULT NULL,
  `EndingDay` date NOT NULL,
  `TimeStamp` timestamp NOT NULL DEFAULT current_timestamp() ON UPDATE current_timestamp()
) ENGINE=InnoDB DEFAULT CHARSET=utf8 COLLATE=utf8_hungarian_ci;

-- --------------------------------------------------------

--
-- Tábla szerkezet ehhez a táblához `settlement`
--

CREATE TABLE `settlement` (
  `SettlementID` int(11) NOT NULL,
  `SettlementName` varchar(20) DEFAULT NULL,
  `ZipCode` varchar(4) DEFAULT NULL,
  `county` varchar(2) NOT NULL
) ENGINE=InnoDB DEFAULT CHARSET=utf8 COLLATE=utf8_hungarian_ci;

--
-- A tábla adatainak kiíratása `settlement`
--

INSERT INTO `settlement` (`SettlementID`, `SettlementName`, `ZipCode`, `county`) VALUES
(1, 'Budapest I. kerület', '1011', 'BU'),
(2, 'Budapest I. kerület', '1012', 'BU'),
(3, 'Budapest I. kerület', '1013', 'BU'),
(4, 'Budapest I. kerület', '1014', 'BU'),
(5, 'Budapest I. kerület', '1015', 'BU'),
(6, 'Budapest I. kerület', '1016', 'BU'),
(7, 'Budapest II. kerület', '1021', 'BU'),
(8, 'Budapest II. kerület', '1022', 'BU'),
(9, 'Budapest II. kerület', '1023', 'BU'),
(10, 'Budapest II. kerület', '1024', 'BU'),
(11, 'Budapest II. kerület', '1025', 'BU'),
(12, 'Budapest II. kerület', '1026', 'BU'),
(13, 'Budapest II. kerület', '1027', 'BU'),
(14, 'Budapest II. kerület', '1028', 'BU'),
(15, 'Budapest II. kerület', '1029', 'BU'),
(16, 'Budapest III. kerüle', '1031', 'BU'),
(17, 'Budapest III. kerüle', '1032', 'BU'),
(18, 'Budapest III. kerüle', '1033', 'BU'),
(19, 'Budapest III. kerüle', '1034', 'BU'),
(20, 'Budapest III. kerüle', '1035', 'BU'),
(21, 'Budapest III. kerüle', '1036', 'BU'),
(22, 'Budapest III. kerüle', '1037', 'BU'),
(23, 'Budapest III. kerüle', '1038', 'BU'),
(24, 'Budapest III. kerüle', '1039', 'BU'),
(25, 'Budapest IV. kerület', '1041', 'BU'),
(26, 'Budapest IV. kerület', '1042', 'BU'),
(27, 'Budapest IV. kerület', '1043', 'BU'),
(28, 'Budapest IV. kerület', '1044', 'BU'),
(29, 'Budapest IV. kerület', '1045', 'BU'),
(30, 'Budapest IV. kerület', '1046', 'BU'),
(31, 'Budapest IV. kerület', '1047', 'BU'),
(32, 'Budapest IV. kerület', '1048', 'BU'),
(33, 'Budapest V. kerület', '1051', 'BU'),
(34, 'Budapest V. kerület', '1052', 'BU'),
(35, 'Budapest V. kerület', '1053', 'BU'),
(36, 'Budapest V. kerület', '1054', 'BU'),
(37, 'Budapest V. kerület', '1055', 'BU'),
(38, 'Budapest V. kerület', '1056', 'BU'),
(39, 'Budapest VI. kerület', '1061', 'BU'),
(40, 'Budapest VI. kerület', '1062', 'BU'),
(41, 'Budapest VI. kerület', '1063', 'BU'),
(42, 'Budapest VI. kerület', '1064', 'BU'),
(43, 'Budapest VI. kerület', '1065', 'BU'),
(44, 'Budapest VI. kerület', '1066', 'BU'),
(45, 'Budapest VI. kerület', '1067', 'BU'),
(46, 'Budapest VI. kerület', '1068', 'BU'),
(47, 'Budapest VII. kerüle', '1071', 'BU'),
(48, 'Budapest VII. kerüle', '1072', 'BU'),
(49, 'Budapest VII. kerüle', '1073', 'BU'),
(50, 'Budapest VII. kerüle', '1074', 'BU'),
(51, 'Budapest VII. kerüle', '1075', 'BU'),
(52, 'Budapest VII. kerüle', '1076', 'BU'),
(53, 'Budapest VII. kerüle', '1077', 'BU'),
(54, 'Budapest VII. kerüle', '1078', 'BU'),
(55, 'Budapest VIII. kerül', '1081', 'BU'),
(56, 'Budapest VIII. kerül', '1082', 'BU'),
(57, 'Budapest VIII. kerül', '1083', 'BU'),
(58, 'Budapest VIII. kerül', '1084', 'BU'),
(59, 'Budapest VIII. kerül', '1085', 'BU'),
(60, 'Budapest VIII. kerül', '1086', 'BU'),
(61, 'Budapest VIII. kerül', '1087', 'BU'),
(62, 'Budapest VIII. kerül', '1088', 'BU'),
(63, 'Budapest VIII. kerül', '1089', 'BU'),
(64, 'Budapest IX. kerület', '1091', 'BU'),
(65, 'Budapest IX. kerület', '1092', 'BU'),
(66, 'Budapest IX. kerület', '1093', 'BU'),
(67, 'Budapest IX. kerület', '1094', 'BU'),
(68, 'Budapest IX. kerület', '1095', 'BU'),
(69, 'Budapest IX. kerület', '1096', 'BU'),
(70, 'Budapest IX. kerület', '1097', 'BU'),
(71, 'Budapest IX. kerület', '1098', 'BU'),
(72, 'Budapest X. kerület', '1101', 'BU'),
(73, 'Budapest X. kerület', '1102', 'BU'),
(74, 'Budapest X. kerület', '1103', 'BU'),
(75, 'Budapest X. kerület', '1104', 'BU'),
(76, 'Budapest X. kerület', '1105', 'BU'),
(77, 'Budapest X. kerület', '1106', 'BU'),
(78, 'Budapest X. kerület', '1107', 'BU'),
(79, 'Budapest X. kerület', '1108', 'BU'),
(80, 'Budapest XI. kerület', '1111', 'BU'),
(81, 'Budapest XI. kerület', '1112', 'BU'),
(82, 'Budapest XI. kerület', '1113', 'BU'),
(83, 'Budapest XI. kerület', '1114', 'BU'),
(84, 'Budapest XI. kerület', '1115', 'BU'),
(85, 'Budapest XI. kerület', '1116', 'BU'),
(86, 'Budapest XI. kerület', '1117', 'BU'),
(87, 'Budapest XI. kerület', '1118', 'BU'),
(88, 'Budapest XI. kerület', '1119', 'BU'),
(89, 'Budapest XII. kerüle', '1121', 'BU'),
(90, 'Budapest XII. kerüle', '1122', 'BU'),
(91, 'Budapest XII. kerüle', '1123', 'BU'),
(92, 'Budapest XII. kerüle', '1124', 'BU'),
(93, 'Budapest XII. kerüle', '1125', 'BU'),
(94, 'Budapest XII. kerüle', '1126', 'BU'),
(95, 'Budapest XIII. kerül', '1131', 'BU'),
(96, 'Budapest XIII. kerül', '1132', 'BU'),
(97, 'Budapest XIII. kerül', '1133', 'BU'),
(98, 'Budapest XIII. kerül', '1134', 'BU'),
(99, 'Budapest XIII. kerül', '1135', 'BU'),
(100, 'Budapest XIII. kerül', '1136', 'BU'),
(101, 'Budapest XIII. kerül', '1137', 'BU'),
(102, 'Budapest XIII. kerül', '1138', 'BU'),
(103, 'Budapest XIII. kerül', '1139', 'BU'),
(104, 'Budapest XIV. kerüle', '1141', 'BU'),
(105, 'Budapest XIV. kerüle', '1142', 'BU'),
(106, 'Budapest XIV. kerüle', '1143', 'BU'),
(107, 'Budapest XIV. kerüle', '1144', 'BU'),
(108, 'Budapest XIV. kerüle', '1145', 'BU'),
(109, 'Budapest XIV. kerüle', '1146', 'BU'),
(110, 'Budapest XIV. kerüle', '1147', 'BU'),
(111, 'Budapest XIV. kerüle', '1148', 'BU'),
(112, 'Budapest XIV. kerüle', '1149', 'BU'),
(113, 'Budapest XV. kerület', '1151', 'BU'),
(114, 'Budapest XV. kerület', '1152', 'BU'),
(115, 'Budapest XV. kerület', '1153', 'BU'),
(116, 'Budapest XV. kerület', '1154', 'BU'),
(117, 'Budapest XV. kerület', '1155', 'BU'),
(118, 'Budapest XV. kerület', '1156', 'BU'),
(119, 'Budapest XV. kerület', '1157', 'BU'),
(120, 'Budapest XV. kerület', '1158', 'BU'),
(121, 'Budapest XVI. kerüle', '1161', 'BU'),
(122, 'Budapest XVI. kerüle', '1162', 'BU'),
(123, 'Budapest XVI. kerüle', '1163', 'BU'),
(124, 'Budapest XVI. kerüle', '1164', 'BU'),
(125, 'Budapest XVI. kerüle', '1165', 'BU'),
(126, 'Budapest XVII. kerül', '1171', 'BU'),
(127, 'Budapest XVII. kerül', '1172', 'BU'),
(128, 'Budapest XVII. kerül', '1173', 'BU'),
(129, 'Budapest XVII. kerül', '1174', 'BU'),
(130, 'Budapest XVIII. kerü', '1181', 'BU'),
(131, 'Budapest XVIII. kerü', '1182', 'BU'),
(132, 'Budapest XVIII. kerü', '1183', 'BU'),
(133, 'Budapest XVIII. kerü', '1184', 'BU'),
(134, 'Budapest XVIII. kerü', '1185', 'BU'),
(135, 'Budapest XVIII. kerü', '1186', 'BU'),
(136, 'Budapest XVIII. kerü', '1188', 'BU'),
(137, 'Budapest XIX. kerüle', '1191', 'BU'),
(138, 'Budapest XIX. kerüle', '1192', 'BU'),
(139, 'Budapest XIX. kerüle', '1193', 'BU'),
(140, 'Budapest XIX. kerüle', '1194', 'BU'),
(141, 'Budapest XIX. kerüle', '1195', 'BU'),
(142, 'Budapest XIX. kerüle', '1196', 'BU'),
(143, 'Budapest XX. kerület', '1201', 'BU'),
(144, 'Budapest XX. kerület', '1202', 'BU'),
(145, 'Budapest XX. kerület', '1203', 'BU'),
(146, 'Budapest XX. kerület', '1204', 'BU'),
(147, 'Budapest XX. kerület', '1205', 'BU'),
(148, 'Budapest XXI. kerüle', '1211', 'BU'),
(149, 'Budapest XXI. kerüle', '1212', 'BU'),
(150, 'Budapest XXI. kerüle', '1213', 'BU'),
(151, 'Budapest XXI. kerüle', '1214', 'BU'),
(152, 'Budapest XXI. kerüle', '1215', 'BU'),
(153, 'Budapest XXII. kerül', '1221', 'BU'),
(154, 'Budapest XXII. kerül', '1222', 'BU'),
(155, 'Budapest XXII. kerül', '1223', 'BU'),
(156, 'Budapest XXII. kerül', '1224', 'BU'),
(157, 'Budapest XXII. kerül', '1225', 'BU'),
(158, 'Budapest XXIII. kerü', '1237', 'BU'),
(159, 'Budapest XXIII. kerü', '1238', 'BU'),
(160, 'Budapest XXIII. kerü', '1239', 'BU'),
(161, 'Budapest XII. kerüle', '1529', 'BU'),
(162, 'Szentendre', '2000', 'PE'),
(163, 'Szentendre', '2001', 'PE'),
(164, 'Szentendre', '2002', 'PE'),
(165, 'Szentendre', '2003', 'PE'),
(166, 'Pilisszentlászló', '2009', 'PE'),
(167, 'Budakalász', '2011', 'PE'),
(168, 'Budakalász', '2012', 'PE'),
(169, 'Budakalász', '2013', 'PE'),
(170, 'Csobánka', '2014', 'PE'),
(171, 'Szigetmonostor', '2015', 'PE'),
(172, 'Leányfalu', '2016', 'PE'),
(173, 'Pócsmegyer', '2017', 'PE'),
(174, 'Pomáz', '2019', 'PE'),
(175, 'Tahitótfalu', '2021', 'PE'),
(176, 'Tahitótfalu', '2022', 'PE'),
(177, 'Dunabogdány', '2023', 'PE'),
(178, 'Kisoroszi', '2024', 'PE'),
(179, 'Visegrád', '2025', 'PE'),
(180, 'Visegrád', '2026', 'PE'),
(181, 'Dömös', '2027', 'KE'),
(182, 'Pilismarót', '2028', 'KE'),
(183, 'Érd', '2030', 'PE'),
(184, 'Érd', '2031', 'PE'),
(185, 'Érd', '2032', 'PE'),
(186, 'Érd', '2033', 'PE'),
(187, 'Érd', '2035', 'PE'),
(188, 'Érd', '2036', 'PE'),
(189, 'Sóskút', '2038', 'PE'),
(190, 'Pusztazámor', '2039', 'PE'),
(191, 'Budaörs', '2040', 'PE'),
(192, 'Budaörs', '2041', 'PE'),
(193, 'Budaörs', '2042', 'PE'),
(194, 'Budaörs', '2043', 'PE'),
(195, 'Budaörs', '2044', 'PE'),
(196, 'Törökbálint', '2045', 'PE'),
(197, 'Törökbálint', '2046', 'PE'),
(198, 'Törökbálint', '2047', 'PE'),
(199, 'Diósd', '2049', 'PE'),
(200, 'Diósd', '2050', 'PE'),
(201, 'Biatorbágy', '2051', 'PE'),
(202, 'Biatorbágy', '2052', 'PE'),
(203, 'Herceghalom', '2053', 'PE'),
(204, 'Herceghalom', '2055', 'PE'),
(205, 'Herceghalom', '2056', 'PE'),
(206, 'Bicske', '2060', 'FE'),
(207, 'Bicske', '2061', 'FE'),
(208, 'Bicske', '2063', 'FE'),
(209, 'Csabdi', '2064', 'FE'),
(210, 'Mány', '2065', 'FE'),
(211, 'Újbarok', '2066', 'FE'),
(212, 'Szár', '2066', 'FE'),
(213, 'Szárliget', '2067', 'FE'),
(214, 'Páty', '2071', 'PE'),
(215, 'Zsámbék', '2072', 'PE'),
(216, 'Tök', '2073', 'PE'),
(217, 'Perbál', '2074', 'PE'),
(218, 'Pilisjászfalu', '2080', 'PE'),
(219, 'Piliscsaba', '2081', 'PE'),
(220, 'Piliscsaba', '2082', 'PE'),
(221, 'Solymár', '2083', 'PE'),
(222, 'Pilisszentiván', '2084', 'PE'),
(223, 'Pilisvörösvár', '2085', 'PE'),
(224, 'Tinnye', '2086', 'PE'),
(225, 'Tinnye', '2087', 'PE'),
(226, 'Telki', '2089', 'PE'),
(227, 'Remeteszőlős', '2090', 'PE'),
(228, 'Etyek', '2091', 'FE'),
(229, 'Budakeszi', '2092', 'PE'),
(230, 'Budajenő', '2093', 'PE'),
(231, 'Nagykovácsi', '2094', 'PE'),
(232, 'Pilisszántó', '2095', 'PE'),
(233, 'Üröm', '2096', 'PE'),
(234, 'Pilisborosjenő', '2097', 'PE'),
(235, 'Pilisszentkereszt', '2098', 'PE'),
(236, 'Dobogókő', '2099', 'PE'),
(237, 'Gödöllő', '2100', 'PE'),
(238, 'Gödöllő', '2101', 'PE'),
(239, 'Gödöllő', '2102', 'PE'),
(240, 'Gödöllő', '2103', 'PE'),
(241, 'Gödöllő', '2105', 'PE'),
(242, 'Szada', '2111', 'PE'),
(243, 'Veresegyház', '2112', 'PE'),
(244, 'Erdőkertes', '2113', 'PE'),
(245, 'Valkó', '2114', 'PE'),
(246, 'Vácszentlászló', '2115', 'PE'),
(247, 'Zsámbok', '2116', 'PE'),
(248, 'Isaszeg', '2117', 'PE'),
(249, 'Dány', '2118', 'PE'),
(250, 'Pécel', '2119', 'PE'),
(251, 'Dunakeszi', '2120', 'PE'),
(252, 'Dunakeszi', '2121', 'PE'),
(253, 'Dunakeszi', '2122', 'PE'),
(254, 'Dunakeszi', '2123', 'PE'),
(255, 'Göd', '2131', 'PE'),
(256, 'Göd', '2132', 'PE'),
(257, 'Sződliget', '2133', 'PE'),
(258, 'Sződ', '2134', 'PE'),
(259, 'Csörög', '2135', 'PE'),
(260, 'Csömör', '2141', 'PE'),
(261, 'Nagytarcsa', '2142', 'PE'),
(262, 'Kistarcsa', '2143', 'PE'),
(263, 'Kerepes', '2144', 'PE'),
(264, 'Kerepes', '2145', 'PE'),
(265, 'Mogyoród', '2146', 'PE'),
(266, 'Fót', '2151', 'PE'),
(267, 'Fót', '2152', 'PE'),
(268, 'Fót', '2153', 'PE'),
(269, 'Csomád', '2161', 'PE'),
(270, 'Őrbottyán', '2162', 'PE'),
(271, 'Vácrátót', '2163', 'PE'),
(272, 'Váchartyán', '2164', 'PE'),
(273, 'Kisnémedi', '2165', 'PE'),
(274, 'Püspökszilágy', '2166', 'PE'),
(275, 'Vácduka', '2167', 'PE'),
(276, 'Aszód', '2170', 'PE'),
(277, 'Kartal', '2173', 'PE'),
(278, 'Verseg', '2174', 'PE'),
(279, 'Kálló', '2175', 'NO'),
(280, 'Erdőkürt', '2176', 'NO'),
(281, 'Erdőtarcsa', '2177', 'NO'),
(282, 'Iklad', '2181', 'PE'),
(283, 'Domony', '2182', 'PE'),
(284, 'Galgamácsa', '2183', 'PE'),
(285, 'Vácegres', '2184', 'PE'),
(286, 'Váckisújfalu', '2185', 'PE'),
(287, 'Bag', '2191', 'PE'),
(288, 'Hévízgyörk', '2192', 'PE'),
(289, 'Galgahévíz', '2193', 'PE'),
(290, 'Tura', '2194', 'PE'),
(291, 'Monor', '2200', 'PE'),
(292, 'Monor', '2201', 'PE'),
(293, 'Monor', '2202', 'PE'),
(294, 'Péteri', '2209', 'PE'),
(295, 'Vasad', '2211', 'PE'),
(296, 'Csévharaszt', '2212', 'PE'),
(297, 'Csévharaszt', '2213', 'PE'),
(298, 'Pánd', '2214', 'PE'),
(299, 'Káva', '2215', 'PE'),
(300, 'Bénye', '2216', 'PE'),
(301, 'Gomba', '2217', 'PE'),
(302, 'Vecsés', '2220', 'PE'),
(303, 'Vecsés', '2221', 'PE'),
(304, 'Vecsés', '2222', 'PE'),
(305, 'Üllő', '2225', 'PE'),
(306, 'Gyömrő', '2230', 'PE'),
(307, 'Ecser', '2233', 'PE'),
(308, 'Maglód', '2234', 'PE'),
(309, 'Mende', '2235', 'PE'),
(310, 'Sülysáp', '2241', 'PE'),
(311, 'Sülysáp', '2242', 'PE'),
(312, 'Kóka', '2243', 'PE'),
(313, 'Úri', '2244', 'PE'),
(314, 'Tápiószecső', '2251', 'PE'),
(315, 'Tóalmás', '2252', 'PE'),
(316, 'Tápióság', '2253', 'PE'),
(317, 'Szentmártonkáta', '2254', 'PE'),
(318, 'Szentlőrinckáta', '2255', 'PE'),
(319, 'Ráckeve', '2300', 'PE'),
(320, 'Ráckeve', '2301', 'PE'),
(321, 'Lórév', '2309', 'PE'),
(322, 'Szigetszentmiklós', '2310', 'PE'),
(323, 'Szigetszentmiklós', '2311', 'PE'),
(324, 'Szigetszentmiklós', '2313', 'PE'),
(325, 'Halásztelek', '2314', 'PE'),
(326, 'Szigethalom', '2315', 'PE'),
(327, 'Tököl', '2316', 'PE'),
(328, 'Szigetcsép', '2317', 'PE'),
(329, 'Szigetszentmárton', '2318', 'PE'),
(330, 'Szigetújfalu', '2319', 'PE'),
(331, 'Szigetbecse', '2321', 'PE'),
(332, 'Makád', '2322', 'PE'),
(333, 'Dunaharaszti', '2330', 'PE'),
(334, 'Dunaharaszti', '2331', 'PE'),
(335, 'Dunaharaszti', '2332', 'PE'),
(336, 'Taksony', '2335', 'PE'),
(337, 'Dunavarsány', '2336', 'PE'),
(338, 'Délegyháza', '2337', 'PE'),
(339, 'Áporka', '2338', 'PE'),
(340, 'Majosháza', '2339', 'PE'),
(341, 'Kiskunlacháza', '2340', 'PE'),
(342, 'Kiskunlacháza', '2341', 'PE'),
(343, 'Kiskunlacháza', '2342', 'PE'),
(344, 'Dömsöd', '2344', 'PE'),
(345, 'Apaj', '2345', 'PE'),
(346, 'Bugyi', '2347', 'PE'),
(347, 'Alsónémedi', '2351', 'PE'),
(348, 'Gyál', '2360', 'PE'),
(349, 'Felsőpakony', '2363', 'PE'),
(350, 'Ócsa', '2364', 'PE'),
(351, 'Inárcs', '2365', 'PE'),
(352, 'Kakucs', '2366', 'PE'),
(353, 'Újhartyán', '2367', 'PE'),
(354, 'Dabas', '2370', 'PE'),
(355, 'Dabas', '2371', 'PE'),
(356, 'Dabas', '2372', 'PE'),
(357, 'Dabas', '2373', 'PE'),
(358, 'Dabas', '2374', 'PE'),
(359, 'Tatárszentgyörgy', '2375', 'PE'),
(360, 'Hernád', '2376', 'PE'),
(361, 'Örkény', '2377', 'PE'),
(362, 'Pusztavacs', '2378', 'PE'),
(363, 'Táborfalva', '2381', 'PE'),
(364, 'Dunaújváros', '2400', 'FE'),
(365, 'Dunaújváros', '2401', 'FE'),
(366, 'Dunaújváros', '2402', 'FE'),
(367, 'Dunaújváros', '2403', 'FE'),
(368, 'Dunaújváros', '2404', 'FE'),
(369, 'Dunaújváros', '2405', 'FE'),
(370, 'Dunaújváros', '2406', 'FE'),
(371, 'Dunaújváros', '2407', 'FE'),
(372, 'Dunaújváros', '2408', 'FE'),
(373, 'Nagyvenyim', '2421', 'FE'),
(374, 'Mezőfalva', '2422', 'FE'),
(375, 'Daruszentmiklós', '2423', 'FE'),
(376, 'Előszállás', '2424', 'FE'),
(377, 'Nagykarácsony', '2425', 'FE'),
(378, 'Baracs', '2426', 'FE'),
(379, 'Baracs', '2427', 'FE'),
(380, 'Kisapostag', '2428', 'FE'),
(381, 'Perkáta', '2431', 'FE'),
(382, 'Szabadegyháza', '2432', 'FE'),
(383, 'Sárosd', '2433', 'FE'),
(384, 'Hantos', '2434', 'FE'),
(385, 'Nagylók', '2435', 'FE'),
(386, 'Százhalombatta', '2440', 'PE'),
(387, 'Százhalombatta', '2441', 'PE'),
(388, 'Százhalombatta', '2442', 'PE'),
(389, 'Százhalombatta', '2443', 'PE'),
(390, 'Százhalombatta', '2444', 'PE'),
(391, 'Ercsi', '2451', 'FE'),
(392, 'Ercsi', '2453', 'FE'),
(393, 'Iváncsa', '2454', 'FE'),
(394, 'Beloiannisz', '2455', 'FE'),
(395, 'Besnyő', '2456', 'FE'),
(396, 'Adony', '2457', 'FE'),
(397, 'Kulcs', '2458', 'FE'),
(398, 'Rácalmás', '2459', 'FE'),
(399, 'Tárnok', '2461', 'PE'),
(400, 'Martonvásár', '2462', 'FE'),
(401, 'Tordas', '2463', 'FE'),
(402, 'Gyúró', '2464', 'FE'),
(403, 'Ráckeresztúr', '2465', 'FE'),
(404, 'Baracska', '2471', 'FE'),
(405, 'Kajászó', '2472', 'FE'),
(406, 'Vál', '2473', 'FE'),
(407, 'Kápolnásnyék', '2475', 'FE'),
(408, 'Pázmánd', '2476', 'FE'),
(409, 'Vereb', '2477', 'FE'),
(410, 'Velence', '2481', 'FE'),
(411, 'Velence', '2482', 'FE'),
(412, 'Gárdony', '2483', 'FE'),
(413, 'Gárdony', '2484', 'FE'),
(414, 'Gárdony', '2485', 'FE'),
(415, 'Pusztaszabolcs', '2490', 'FE'),
(416, 'Esztergom', '2500', 'KE'),
(417, 'Esztergom', '2501', 'KE'),
(418, 'Esztergom', '2503', 'KE'),
(419, 'Esztergom', '2508', 'KE'),
(420, 'Esztergom', '2509', 'KE'),
(421, 'Dorog', '2510', 'KE'),
(422, 'Dorog', '2511', 'KE'),
(423, 'Dorog', '2512', 'KE'),
(424, 'Kesztölc', '2517', 'KE'),
(425, 'Leányvár', '2518', 'KE'),
(426, 'Piliscsév', '2519', 'KE'),
(427, 'Csolnok', '2521', 'KE'),
(428, 'Dág', '2522', 'KE'),
(429, 'Sárisáp', '2523', 'KE'),
(430, 'Nagysáp', '2524', 'KE'),
(431, 'Bajna', '2525', 'KE'),
(432, 'Epöl', '2526', 'KE'),
(433, 'Máriahalom', '2527', 'KE'),
(434, 'Úny', '2528', 'KE'),
(435, 'Annavölgy', '2529', 'KE'),
(436, 'Tokod', '2531', 'KE'),
(437, 'Tokodaltáró', '2532', 'KE'),
(438, 'Bajót', '2533', 'KE'),
(439, 'Tát', '2534', 'KE'),
(440, 'Mogyorósbánya', '2535', 'KE'),
(441, 'Nyergesújfalu', '2536', 'KE'),
(442, 'Nyergesújfalu', '2537', 'KE'),
(443, 'Lábatlan', '2541', 'KE'),
(444, 'Lábatlan', '2542', 'KE'),
(445, 'Süttő', '2543', 'KE'),
(446, 'Neszmély', '2544', 'KE'),
(447, 'Dunaalmás', '2545', 'KE'),
(448, 'Vác', '2600', 'PE'),
(449, 'Vác', '2601', 'PE'),
(450, 'Vác', '2602', 'PE'),
(451, 'Vác', '2603', 'PE'),
(452, 'Nőtincs', '2610', 'NO'),
(453, 'Felsőpetény', '2611', 'NO'),
(454, 'Kosd', '2612', 'PE'),
(455, 'Rád', '2613', 'PE'),
(456, 'Penc', '2614', 'PE'),
(457, 'Csővár', '2615', 'PE'),
(458, 'Ősagárd', '2616', 'NO'),
(459, 'Keszeg', '2616', 'NO'),
(460, 'Alsópetény', '2617', 'NO'),
(461, 'Nézsa', '2618', 'NO'),
(462, 'Legénd', '2619', 'NO'),
(463, 'Verőce', '2621', 'PE'),
(464, 'Kismaros', '2623', 'PE'),
(465, 'Szokolya', '2624', 'PE'),
(466, 'Kóspallag', '2625', 'PE'),
(467, 'Nagymaros', '2626', 'PE'),
(468, 'Zebegény', '2627', 'PE'),
(469, 'Szob', '2628', 'PE'),
(470, 'Márianosztra', '2629', 'PE'),
(471, 'Ipolydamásd', '2631', 'PE'),
(472, 'Letkés', '2632', 'PE'),
(473, 'Ipolytölgyes', '2633', 'PE'),
(474, 'Nagybörzsöny', '2634', 'PE'),
(475, 'Vámosmikola', '2635', 'PE'),
(476, 'Tésa', '2636', 'PE'),
(477, 'Perőcsény', '2637', 'PE'),
(478, 'Kemence', '2638', 'PE'),
(479, 'Bernecebaráti', '2639', 'PE'),
(480, 'Szendehely', '2640', 'NO'),
(481, 'Berkenye', '2641', 'NO'),
(482, 'Nógrád', '2642', 'NO'),
(483, 'Diósjenő', '2643', 'NO'),
(484, 'Borsosberény', '2644', 'NO'),
(485, 'Nagyoroszi', '2645', 'NO'),
(486, 'Drégelypalánk', '2646', 'NO'),
(487, 'Hont', '2647', 'NO'),
(488, 'Patak', '2648', 'NO'),
(489, 'Dejtár', '2649', 'NO'),
(490, 'Rétság', '2651', 'NO'),
(491, 'Tereske', '2652', 'NO'),
(492, 'Bánk', '2653', 'NO'),
(493, 'Romhány', '2654', 'NO'),
(494, 'Kétbodony', '2655', 'NO'),
(495, 'Kisecset', '2655', 'NO'),
(496, 'Szente', '2655', 'NO'),
(497, 'Szátok', '2656', 'NO'),
(498, 'Tolmács', '2657', 'NO'),
(499, 'Horpács', '2658', 'NO'),
(500, 'Pusztaberki', '2658', 'NO'),
(501, 'Érsekvadkert', '2659', 'NO'),
(502, 'Balassagyarmat', '2660', 'NO'),
(503, 'Balassagyarmat', '2661', 'NO'),
(504, 'Balassagyarmat', '2662', 'NO'),
(505, 'Patvarc', '2668', 'NO'),
(506, 'Ipolyvece', '2669', 'NO'),
(507, 'Őrhalom', '2671', 'NO'),
(508, 'Hugyag', '2672', 'NO'),
(509, 'Csitár', '2673', 'NO'),
(510, 'Iliny', '2675', 'NO'),
(511, 'Nógrádmarcal', '2675', 'NO'),
(512, 'Cserhátsurány', '2676', 'NO'),
(513, 'Herencsény', '2677', 'NO'),
(514, 'Csesztve', '2678', 'NO'),
(515, 'Galgagyörk', '2681', 'PE'),
(516, 'Püspökhatvan', '2682', 'PE'),
(517, 'Acsa', '2683', 'PE'),
(518, 'Nógrádsáp', '2685', 'NO'),
(519, 'Galgaguta', '2686', 'NO'),
(520, 'Bercel', '2687', 'NO'),
(521, 'Vanyarc', '2688', 'NO'),
(522, 'Nógrádkövesd', '2691', 'NO'),
(523, 'Szécsénke', '2692', 'NO'),
(524, 'Becske', '2693', 'NO'),
(525, 'Magyarnándor', '2694', 'NO'),
(526, 'Debercsény', '2694', 'NO'),
(527, 'Cserháthaláp', '2694', 'NO'),
(528, 'Terény', '2696', 'NO'),
(529, 'Szanda', '2697', 'NO'),
(530, 'Mohora', '2698', 'NO'),
(531, 'Szügy', '2699', 'NO'),
(532, 'Cegléd', '2700', 'PE'),
(533, 'Cegléd', '2701', 'PE'),
(534, 'Cegléd', '2702', 'PE'),
(535, 'Cegléd', '2703', 'PE'),
(536, 'Cegléd', '2704', 'PE'),
(537, 'Tápiószentmárton', '2711', 'PE'),
(538, 'Nyársapát', '2712', 'PE'),
(539, 'Csemő', '2713', 'PE'),
(540, 'Pilis', '2721', 'PE'),
(541, 'Nyáregyháza', '2723', 'PE'),
(542, 'Újlengyel', '2724', 'PE'),
(543, 'Albertirsa', '2730', 'PE'),
(544, 'Dánszentmiklós', '2735', 'PE'),
(545, 'Mikebuda', '2736', 'PE'),
(546, 'Ceglédbercel', '2737', 'PE'),
(547, 'Ceglédbercel', '2738', 'PE'),
(548, 'Abony', '2740', 'PE'),
(549, 'Kőröstetétlen', '2745', 'PE'),
(550, 'Jászkarajenő', '2746', 'PE'),
(551, 'Törtel', '2747', 'PE'),
(552, 'Nagykőrös', '2750', 'PE'),
(553, 'Nagykőrös', '2751', 'PE'),
(554, 'Nagykőrös', '2752', 'PE'),
(555, 'Kocsér', '2755', 'PE'),
(556, 'Nagykáta', '2760', 'PE'),
(557, 'Nagykáta', '2761', 'PE'),
(558, 'Tápióbicske', '2764', 'PE'),
(559, 'Farmos', '2765', 'PE'),
(560, 'Tápiószele', '2766', 'PE'),
(561, 'Tápiógyörgye', '2767', 'PE'),
(562, 'Újszilvás', '2768', 'PE'),
(563, 'Tápiószőlős', '2769', 'PE'),
(564, 'Tatabánya', '2800', 'KE'),
(565, 'Tatabánya', '2801', 'KE'),
(566, 'Tatabánya', '2802', 'KE'),
(567, 'Tatabánya', '2803', 'KE'),
(568, 'Tatabánya', '2804', 'KE'),
(569, 'Tatabánya', '2805', 'KE'),
(570, 'Tatabánya', '2806', 'KE'),
(571, 'Tatabánya', '2807', 'KE'),
(572, 'Tatabánya', '2808', 'KE'),
(573, 'Tatabánya', '2809', 'KE'),
(574, 'Gyermely', '2821', 'KE'),
(575, 'Szomor', '2822', 'KE'),
(576, 'Vértessomló', '2823', 'KE'),
(577, 'Várgesztes', '2824', 'KE'),
(578, 'Tarján', '2831', 'KE'),
(579, 'Héreg', '2832', 'KE'),
(580, 'Vértestolna', '2833', 'KE'),
(581, 'Tardos', '2834', 'KE'),
(582, 'Tardos', '2835', 'KE'),
(583, 'Baj', '2836', 'KE'),
(584, 'Vértesszőlős', '2837', 'KE'),
(585, 'Oroszlány', '2840', 'KE'),
(586, 'Oroszlány', '2841', 'KE'),
(587, 'Oroszlány', '2842', 'KE'),
(588, 'Környe', '2851', 'KE'),
(589, 'Kecskéd', '2852', 'KE'),
(590, 'Kömlőd', '2853', 'KE'),
(591, 'Dad', '2854', 'KE'),
(592, 'Bokod', '2855', 'KE'),
(593, 'Szákszend', '2856', 'KE'),
(594, 'Császár', '2858', 'KE'),
(595, 'Vérteskethely', '2859', 'KE'),
(596, 'Bakonysárkány', '2861', 'KE'),
(597, 'Aka', '2862', 'KE'),
(598, 'Kisbér', '2870', 'KE'),
(599, 'Kisbér', '2879', 'KE'),
(600, 'Ászár', '2881', 'KE'),
(601, 'Kerékteleki', '2882', 'KE'),
(602, 'Bársonyos', '2883', 'KE'),
(603, 'Bakonyszombathely', '2884', 'KE'),
(604, 'Bakonybánk', '2885', 'KE'),
(605, 'Réde', '2886', 'KE'),
(606, 'Ácsteszér', '2887', 'KE'),
(607, 'Csatka', '2888', 'KE'),
(608, 'Súr', '2889', 'KE'),
(609, 'Tata', '2890', 'KE'),
(610, 'Tata', '2891', 'KE'),
(611, 'Tata', '2892', 'KE'),
(612, 'Tata', '2893', 'KE'),
(613, 'Tata', '2894', 'KE'),
(614, 'Szomód', '2896', 'KE'),
(615, 'Dunaszentmiklós', '2897', 'KE'),
(616, 'Kocs', '2898', 'KE'),
(617, 'Naszály', '2899', 'KE'),
(618, 'Komárom', '2900', 'KE'),
(619, 'Komárom', '2901', 'KE'),
(620, 'Komárom', '2902', 'KE'),
(621, 'Komárom', '2903', 'KE'),
(622, 'Komárom', '2904', 'KE'),
(623, 'Mocsa', '2911', 'KE'),
(624, 'Mocsa', '2921', 'KE'),
(625, 'Mocsa', '2922', 'KE'),
(626, 'Almásfüzitő', '2931', 'KE'),
(627, 'Almásfüzitő', '2932', 'KE'),
(628, 'Ács', '2941', 'KE'),
(629, 'Nagyigmánd', '2942', 'KE'),
(630, 'Bábolna', '2943', 'KE'),
(631, 'Bana', '2944', 'KE'),
(632, 'Tárkány', '2945', 'KE'),
(633, 'Csép', '2946', 'KE'),
(634, 'Ete', '2947', 'KE'),
(635, 'Kisigmánd', '2948', 'KE'),
(636, 'Csém', '2949', 'KE'),
(637, 'Hatvan', '3000', 'HE'),
(638, 'Hatvan', '3001', 'HE'),
(639, 'Hatvan', '3002', 'HE'),
(640, 'Hatvan', '3003', 'HE'),
(641, 'Hatvan', '3009', 'HE'),
(642, 'Heréd', '3011', 'HE'),
(643, 'Nagykökényes', '3012', 'HE'),
(644, 'Ecséd', '3013', 'HE'),
(645, 'Hort', '3014', 'HE'),
(646, 'Csány', '3015', 'HE'),
(647, 'Boldog', '3016', 'HE'),
(648, 'Lőrinci', '3021', 'HE'),
(649, 'Lőrinci', '3022', 'HE'),
(650, 'Petőfibánya', '3023', 'HE'),
(651, 'Petőfibánya', '3024', 'HE'),
(652, 'Zagyvaszántó', '3031', 'HE'),
(653, 'Apc', '3032', 'HE'),
(654, 'Rózsaszentmárton', '3033', 'HE'),
(655, 'Szűcsi', '3034', 'HE'),
(656, 'Gyöngyöspata', '3035', 'HE'),
(657, 'Gyöngyöstarján', '3036', 'HE'),
(658, 'Héhalom', '3041', 'NO'),
(659, 'Palotás', '3042', 'NO'),
(660, 'Egyházasdengeleg', '3043', 'NO'),
(661, 'Szirák', '3044', 'NO'),
(662, 'Bér', '3045', 'NO'),
(663, 'Kisbágyon', '3046', 'NO'),
(664, 'Buják', '3047', 'NO'),
(665, 'Szarvasgede', '3051', 'NO'),
(666, 'Csécse', '3052', 'NO'),
(667, 'Kozárd', '3053', 'NO'),
(668, 'Ecseg', '3053', 'NO'),
(669, 'Pásztó', '3060', 'NO'),
(670, 'Pásztó', '3061', 'NO'),
(671, 'Pásztó', '3062', 'NO'),
(672, 'Jobbágyi', '3063', 'NO'),
(673, 'Szurdokpüspöki', '3064', 'NO'),
(674, 'Szurdokpüspöki', '3065', 'NO'),
(675, 'Kutasó', '3066', 'NO'),
(676, 'Bokor', '3066', 'NO'),
(677, 'Cserhátszentiván', '3066', 'NO'),
(678, 'Felsőtold', '3067', 'NO'),
(679, 'Garáb', '3067', 'NO'),
(680, 'Mátraszőlős', '3068', 'NO'),
(681, 'Alsótold', '3069', 'NO'),
(682, 'Bátonyterenye', '3070', 'NO'),
(683, 'Bátonyterenye', '3071', 'NO'),
(684, 'Bátonyterenye', '3072', 'NO'),
(685, 'Tar', '3073', 'NO'),
(686, 'Sámsonháza', '3074', 'NO'),
(687, 'Márkháza', '3075', 'NO'),
(688, 'Kisbárkány', '3075', 'NO'),
(689, 'Nagybárkány', '3075', 'NO'),
(690, 'Mátraverebély', '3077', 'NO'),
(691, 'Mátraverebély', '3078', 'NO'),
(692, 'Mátraverebély', '3082', 'NO'),
(693, 'Salgótarján', '3100', 'NO'),
(694, 'Salgótarján', '3101', 'NO'),
(695, 'Salgótarján', '3102', 'NO'),
(696, 'Salgótarján', '3103', 'NO'),
(697, 'Salgótarján', '3104', 'NO'),
(698, 'Salgótarján', '3107', 'NO'),
(699, 'Salgótarján', '3109', 'NO'),
(700, 'Salgótarján', '3110', 'NO'),
(701, 'Salgótarján', '3121', 'NO'),
(702, 'Cered', '3123', 'NO'),
(703, 'Zabar', '3124', 'NO'),
(704, 'Szilaspogony', '3125', 'NO'),
(705, 'Bárna', '3126', 'NO'),
(706, 'Kazár', '3127', 'NO'),
(707, 'Vizslás', '3128', 'NO'),
(708, 'Lucfalva', '3129', 'NO'),
(709, 'Sóshartyán', '3131', 'NO'),
(710, 'Nógrádmegyer', '3132', 'NO'),
(711, 'Magyargéc', '3133', 'NO'),
(712, 'Piliny', '3134', 'NO'),
(713, 'Szécsényfelfalu', '3135', 'NO'),
(714, 'Etes', '3136', 'NO'),
(715, 'Karancsberény', '3137', 'NO'),
(716, 'Ipolytarnóc', '3138', 'NO'),
(717, 'Ipolytarnóc', '3141', 'NO'),
(718, 'Mátraszele', '3142', 'NO'),
(719, 'Mátranovák', '3143', 'NO'),
(720, 'Mátranovák', '3144', 'NO'),
(721, 'Mátraterenye', '3145', 'NO'),
(722, 'Mátraterenye', '3146', 'NO'),
(723, 'Mátraterenye', '3147', 'NO'),
(724, 'Rákóczibánya', '3151', 'NO'),
(725, 'Nemti', '3152', 'NO'),
(726, 'Dorogháza', '3153', 'NO'),
(727, 'Szuha', '3154', 'NO'),
(728, 'Mátramindszent', '3155', 'NO'),
(729, 'Kishartyán', '3161', 'NO'),
(730, 'Ságújfalu', '3162', 'NO'),
(731, 'Karancsság', '3163', 'NO'),
(732, 'Szalmatercs', '3163', 'NO'),
(733, 'Endrefalva', '3165', 'NO'),
(734, 'Szécsény', '3170', 'NO'),
(735, 'Nagylóc', '3175', 'NO'),
(736, 'Hollókő', '3176', 'NO'),
(737, 'Rimóc', '3177', 'NO'),
(738, 'Varsány', '3178', 'NO'),
(739, 'Nógrádsipek', '3179', 'NO'),
(740, 'Karancsalja', '3181', 'NO'),
(741, 'Karancslapujtő', '3182', 'NO'),
(742, 'Karancskeszi', '3183', 'NO'),
(743, 'Mihálygerge', '3184', 'NO'),
(744, 'Egyházasgerge', '3185', 'NO'),
(745, 'Litke', '3186', 'NO'),
(746, 'Nógrádszakál', '3187', 'NO'),
(747, 'Ludányhalászi', '3188', 'NO'),
(748, 'Gyöngyös', '3200', 'HE'),
(749, 'Gyöngyös', '3201', 'HE'),
(750, 'Gyöngyös', '3202', 'HE'),
(751, 'Gyöngyösoroszi', '3211', 'HE'),
(752, 'Gyöngyöshalász', '3212', 'HE'),
(753, 'Atkár', '3213', 'HE'),
(754, 'Nagyréde', '3214', 'HE'),
(755, 'Nagyréde', '3221', 'HE'),
(756, 'Gyöngyössolymos', '3231', 'HE'),
(757, 'Gyöngyössolymos', '3232', 'HE'),
(758, 'Gyöngyössolymos', '3233', 'HE'),
(759, 'Gyöngyössolymos', '3234', 'HE'),
(760, 'Mátraszentimre', '3235', 'HE'),
(761, 'Parád', '3240', 'HE'),
(762, 'Parádsasvár', '3242', 'HE'),
(763, 'Bodony', '3243', 'HE'),
(764, 'Bodony', '3244', 'HE'),
(765, 'Recsk', '3245', 'HE'),
(766, 'Mátraderecske', '3246', 'HE'),
(767, 'Mátraballa', '3247', 'HE'),
(768, 'Ivád', '3248', 'HE'),
(769, 'Pétervására', '3250', 'HE'),
(770, 'Erdőkövesd', '3252', 'HE'),
(771, 'Istenmezeje', '3253', 'HE'),
(772, 'Váraszó', '3254', 'HE'),
(773, 'Fedémes', '3255', 'HE'),
(774, 'Kisfüzes', '3256', 'HE'),
(775, 'Bükkszenterzsébet', '3257', 'HE'),
(776, 'Tarnalelesz', '3258', 'HE'),
(777, 'Szentdomonkos', '3259', 'HE'),
(778, 'Abasár', '3261', 'HE'),
(779, 'Markaz', '3262', 'HE'),
(780, 'Domoszló', '3263', 'HE'),
(781, 'Kisnána', '3264', 'HE'),
(782, 'Vécs', '3265', 'HE'),
(783, 'Visonta', '3271', 'HE'),
(784, 'Visonta', '3272', 'HE'),
(785, 'Halmajugra', '3273', 'HE'),
(786, 'Ludas', '3274', 'HE'),
(787, 'Detk', '3275', 'HE'),
(788, 'Karácsond', '3281', 'HE'),
(789, 'Nagyfüged', '3282', 'HE'),
(790, 'Tarnazsadány', '3283', 'HE'),
(791, 'Tarnaméra', '3284', 'HE'),
(792, 'Vámosgyörk', '3291', 'HE'),
(793, 'Adács', '3292', 'HE'),
(794, 'Visznek', '3293', 'HE'),
(795, 'Tarnaörs', '3294', 'HE'),
(796, 'Erk', '3295', 'HE'),
(797, 'Zaránk', '3296', 'HE'),
(798, 'Eger', '3300', 'HE'),
(799, 'Eger', '3301', 'HE'),
(800, 'Eger', '3302', 'HE'),
(801, 'Eger', '3303', 'HE'),
(802, 'Eger', '3304', 'HE'),
(803, 'Eger', '3305', 'HE'),
(804, 'Egerbakta', '3321', 'HE'),
(805, 'Hevesaranyos', '3322', 'HE'),
(806, 'Szarvaskő', '3323', 'HE'),
(807, 'Felsőtárkány', '3324', 'HE'),
(808, 'Noszvaj', '3325', 'HE'),
(809, 'Ostoros', '3326', 'HE'),
(810, 'Novaj', '3327', 'HE'),
(811, 'Egerszólát', '3328', 'HE'),
(812, 'Tarnaszentmária', '3331', 'HE'),
(813, 'Sirok', '3332', 'HE'),
(814, 'Terpes', '3333', 'HE'),
(815, 'Szajla', '3334', 'HE'),
(816, 'Bükkszék', '3335', 'HE'),
(817, 'Bátor', '3336', 'HE'),
(818, 'Egerbocs', '3337', 'HE'),
(819, 'Szúcs', '3341', 'HE'),
(820, 'Egercsehi', '3341', 'HE'),
(821, 'Bekölce', '3343', 'HE'),
(822, 'Mikófalva', '3344', 'HE'),
(823, 'Mónosbél', '3345', 'HE'),
(824, 'Bélapátfalva', '3346', 'HE'),
(825, 'Bükkszentmárton', '3346', 'HE'),
(826, 'Balaton', '3347', 'HE'),
(827, 'Szilvásvárad', '3348', 'HE'),
(828, 'Nagyvisnyó', '3349', 'HE'),
(829, 'Kál', '3350', 'HE'),
(830, 'Verpelét', '3351', 'HE'),
(831, 'Feldebrő', '3352', 'HE'),
(832, 'Aldebrő', '3353', 'HE'),
(833, 'Tófalu', '3354', 'HE'),
(834, 'Kápolna', '3355', 'HE'),
(835, 'Kompolt', '3356', 'HE'),
(836, 'Nagyút', '3357', 'HE'),
(837, 'Erdőtelek', '3358', 'HE'),
(838, 'Tenk', '3359', 'HE'),
(839, 'Heves', '3360', 'HE'),
(840, 'Boconád', '3368', 'HE'),
(841, 'Tarnabod', '3369', 'HE'),
(842, 'Átány', '3371', 'HE'),
(843, 'Kömlő', '3372', 'HE'),
(844, 'Besenyőtelek', '3373', 'HE'),
(845, 'Dormánd', '3374', 'HE'),
(846, 'Mezőtárkány', '3375', 'HE'),
(847, 'Szihalom', '3377', 'HE'),
(848, 'Mezőszemere', '3378', 'HE'),
(849, 'Egerfarmos', '3379', 'HE'),
(850, 'Pély', '3381', 'HE'),
(851, 'Tarnaszentmiklós', '3382', 'HE'),
(852, 'Hevesvezekény', '3383', 'HE'),
(853, 'Kisköre', '3384', 'HE'),
(854, 'Tiszanána', '3385', 'HE'),
(855, 'Sarud', '3386', 'HE'),
(856, 'Újlőrincfalva', '3387', 'HE'),
(857, 'Poroszló', '3388', 'HE'),
(858, 'Füzesabony', '3390', 'HE'),
(859, 'Füzesabony', '3392', 'HE'),
(860, 'Füzesabony', '3393', 'HE'),
(861, 'Egerszalók', '3394', 'HE'),
(862, 'Demjén', '3395', 'HE'),
(863, 'Kerecsend', '3396', 'HE'),
(864, 'Maklár', '3397', 'HE'),
(865, 'Nagytálya', '3398', 'HE'),
(866, 'Andornaktálya', '3399', 'HE'),
(867, 'Mezőkövesd', '3400', 'BZ'),
(868, 'Mezőkövesd', '3401', 'BZ'),
(869, 'Mezőkövesd', '3402', 'BZ'),
(870, 'Szomolya', '3411', 'BZ'),
(871, 'Bogács', '3412', 'BZ'),
(872, 'Cserépfalu', '3413', 'BZ'),
(873, 'Bükkzsérc', '3414', 'BZ'),
(874, 'Tard', '3416', 'BZ'),
(875, 'Cserépváralja', '3417', 'BZ'),
(876, 'Szentistván', '3418', 'BZ'),
(877, 'Mezőnyárád', '3421', 'BZ'),
(878, 'Bükkábrány', '3422', 'BZ'),
(879, 'Tibolddaróc', '3423', 'BZ'),
(880, 'Kács', '3424', 'BZ'),
(881, 'Sály', '3425', 'BZ'),
(882, 'Borsodgeszt', '3426', 'BZ'),
(883, 'Vatta', '3431', 'BZ'),
(884, 'Emőd', '3432', 'BZ'),
(885, 'Nyékládháza', '3433', 'BZ'),
(886, 'Mályi', '3434', 'BZ'),
(887, 'Mályi', '3435', 'BZ'),
(888, 'Mezőkeresztes', '3441', 'BZ'),
(889, 'Csincse', '3442', 'BZ'),
(890, 'Mezőnagymihály', '3443', 'BZ'),
(891, 'Gelej', '3444', 'BZ'),
(892, 'Mezőcsát', '3450', 'BZ'),
(893, 'Tiszakeszi', '3458', 'BZ'),
(894, 'Igrici', '3459', 'BZ'),
(895, 'Egerlövő', '3461', 'BZ'),
(896, 'Borsodivánka', '3462', 'BZ'),
(897, 'Négyes', '3463', 'BZ'),
(898, 'Tiszavalk', '3464', 'BZ'),
(899, 'Tiszabábolna', '3465', 'BZ'),
(900, 'Tiszadorogma', '3466', 'BZ'),
(901, 'Ároktő', '3467', 'BZ'),
(902, 'Miskolc', '3500', 'BZ'),
(903, 'Miskolc', '3501', 'BZ'),
(904, 'Miskolc', '3502', 'BZ'),
(905, 'Miskolc', '3503', 'BZ'),
(906, 'Miskolc', '3504', 'BZ'),
(907, 'Miskolc', '3505', 'BZ'),
(908, 'Miskolc', '3506', 'BZ'),
(909, 'Miskolc', '3507', 'BZ'),
(910, 'Miskolc', '3508', 'BZ'),
(911, 'Miskolc', '3509', 'BZ'),
(912, 'Miskolc', '3510', 'BZ'),
(913, 'Miskolc', '3511', 'BZ'),
(914, 'Miskolc', '3513', 'BZ'),
(915, 'Miskolc', '3514', 'BZ'),
(916, 'Miskolc', '3515', 'BZ'),
(917, 'Miskolc', '3516', 'BZ'),
(918, 'Miskolc', '3517', 'BZ'),
(919, 'Miskolc', '3518', 'BZ'),
(920, 'Miskolc', '3519', 'BZ'),
(921, 'Miskolc', '3521', 'BZ'),
(922, 'Miskolc', '3523', 'BZ'),
(923, 'Miskolc', '3524', 'BZ'),
(924, 'Miskolc', '3525', 'BZ'),
(925, 'Miskolc', '3526', 'BZ'),
(926, 'Miskolc', '3527', 'BZ'),
(927, 'Miskolc', '3528', 'BZ'),
(928, 'Miskolc', '3529', 'BZ'),
(929, 'Miskolc', '3530', 'BZ'),
(930, 'Miskolc', '3531', 'BZ'),
(931, 'Miskolc', '3532', 'BZ'),
(932, 'Miskolc', '3533', 'BZ'),
(933, 'Miskolc', '3534', 'BZ'),
(934, 'Miskolc', '3535', 'BZ'),
(935, 'Miskolc', '3542', 'BZ'),
(936, 'Miskolc', '3543', 'BZ'),
(937, 'Miskolc', '3544', 'BZ'),
(938, 'Miskolc', '3545', 'BZ'),
(939, 'Miskolc', '3546', 'BZ'),
(940, 'Miskolc', '3547', 'BZ'),
(941, 'Miskolc', '3548', 'BZ'),
(942, 'Miskolc', '3549', 'BZ'),
(943, 'Ónod', '3551', 'BZ'),
(944, 'Muhi', '3552', 'BZ'),
(945, 'Kistokaj', '3553', 'BZ'),
(946, 'Bükkaranyos', '3554', 'BZ'),
(947, 'Harsány', '3555', 'BZ'),
(948, 'Kisgyőr', '3556', 'BZ'),
(949, 'Bükkszentkereszt', '3557', 'BZ'),
(950, 'Répáshuta', '3559', 'BZ'),
(951, 'Felsőzsolca', '3561', 'BZ'),
(952, 'Onga', '3562', 'BZ'),
(953, 'Hernádkak', '3563', 'BZ'),
(954, 'Hernádnémeti', '3564', 'BZ'),
(955, 'Tiszalúc', '3565', 'BZ'),
(956, 'Alsózsolca', '3571', 'BZ'),
(957, 'Sajólád', '3572', 'BZ'),
(958, 'Sajópetri', '3573', 'BZ'),
(959, 'Bőcs', '3574', 'BZ'),
(960, 'Berzék', '3575', 'BZ'),
(961, 'Sajóhídvég', '3576', 'BZ'),
(962, 'Köröm', '3577', 'BZ'),
(963, 'Girincs', '3578', 'BZ'),
(964, 'Kiscsécs', '3578', 'BZ'),
(965, 'Kesznyéten', '3579', 'BZ'),
(966, 'Tiszaújváros', '3580', 'BZ'),
(967, 'Tiszaújváros', '3581', 'BZ'),
(968, 'Tiszaújváros', '3582', 'BZ'),
(969, 'Tiszaújváros', '3585', 'BZ'),
(970, 'Sajóörös', '3586', 'BZ'),
(971, 'Tiszapalkonya', '3587', 'BZ'),
(972, 'Hejőkürt', '3588', 'BZ'),
(973, 'Tiszatarján', '3589', 'BZ'),
(974, 'Oszlár', '3591', 'BZ'),
(975, 'Nemesbikk', '3592', 'BZ'),
(976, 'Hejőbába', '3593', 'BZ'),
(977, 'Hejőpapi', '3594', 'BZ'),
(978, 'Hejőszalonta', '3595', 'BZ'),
(979, 'Szakáld', '3596', 'BZ'),
(980, 'Hejőkeresztúr', '3597', 'BZ'),
(981, 'Nagycsécs', '3598', 'BZ'),
(982, 'Sajószöged', '3599', 'BZ'),
(983, 'Ózd', '3600', 'BZ'),
(984, 'Ózd', '3601', 'BZ'),
(985, 'Ózd', '3603', 'BZ'),
(986, 'Ózd', '3604', 'BZ'),
(987, 'Ózd', '3607', 'BZ'),
(988, 'Ózd', '3608', 'BZ'),
(989, 'Ózd', '3621', 'BZ'),
(990, 'Uppony', '3622', 'BZ'),
(991, 'Borsodszentgyörgy', '3623', 'BZ'),
(992, 'Borsodszentgyörgy', '3625', 'BZ'),
(993, 'Hangony', '3626', 'BZ'),
(994, 'Kissikátor', '3627', 'BZ'),
(995, 'Domaháza', '3627', 'BZ'),
(996, 'Putnok', '3630', 'BZ'),
(997, 'Dubicsány', '3635', 'BZ'),
(998, 'Sajógalgóc', '3636', 'BZ'),
(999, 'Vadna', '3636', 'BZ'),
(1000, 'Nagybarca', '3641', 'BZ'),
(1001, 'Bánhorváti', '3642', 'BZ'),
(1002, 'Dédestapolcsány', '3643', 'BZ'),
(1003, 'Tardona', '3644', 'BZ'),
(1004, 'Mályinka', '3645', 'BZ'),
(1005, 'Nekézseny', '3646', 'BZ'),
(1006, 'Csokvaomány', '3647', 'BZ'),
(1007, 'Lénárddaróc', '3648', 'BZ'),
(1008, 'Bükkmogyorósd', '3648', 'BZ'),
(1009, 'Csernely', '3648', 'BZ'),
(1010, 'Lénárddaróc', '3651', 'BZ'),
(1011, 'Sajónémeti', '3652', 'BZ'),
(1012, 'Sajópüspöki', '3653', 'BZ'),
(1013, 'Bánréve', '3654', 'BZ'),
(1014, 'Hét', '3655', 'BZ'),
(1015, 'Sajómercse', '3656', 'BZ'),
(1016, 'Sajóvelezd', '3656', 'BZ'),
(1017, 'Királd', '3657', 'BZ'),
(1018, 'Borsodbóta', '3658', 'BZ'),
(1019, 'Sáta', '3659', 'BZ'),
(1020, 'Sáta', '3661', 'BZ'),
(1021, 'Sáta', '3662', 'BZ'),
(1022, 'Arló', '3663', 'BZ'),
(1023, 'Járdánháza', '3664', 'BZ'),
(1024, 'Borsodnádasd', '3671', 'BZ'),
(1025, 'Borsodnádasd', '3672', 'BZ'),
(1026, 'Kazincbarcika', '3700', 'BZ'),
(1027, 'Kazincbarcika', '3701', 'BZ'),
(1028, 'Kazincbarcika', '3702', 'BZ'),
(1029, 'Kazincbarcika', '3703', 'BZ'),
(1030, 'Kazincbarcika', '3704', 'BZ'),
(1031, 'Kazincbarcika', '3705', 'BZ'),
(1032, 'Szirmabesenyő', '3711', 'BZ'),
(1033, 'Sajósenye', '3712', 'BZ'),
(1034, 'Sajóvámos', '3712', 'BZ'),
(1035, 'Arnót', '3713', 'BZ'),
(1036, 'Sajópálfala', '3714', 'BZ'),
(1037, 'Gesztely', '3715', 'BZ'),
(1038, 'Újcsanálos', '3716', 'BZ'),
(1039, 'Sóstófalva', '3716', 'BZ'),
(1040, 'Alsódobsza', '3717', 'BZ'),
(1041, 'Megyaszó', '3718', 'BZ'),
(1042, 'Sajókaza', '3720', 'BZ'),
(1043, 'Sajóivánka', '3720', 'BZ'),
(1044, 'Felsőnyárád', '3721', 'BZ'),
(1045, 'Jákfalva', '3721', 'BZ'),
(1046, 'Dövény', '3721', 'BZ'),
(1047, 'Felsőkelecsény', '3722', 'BZ'),
(1048, 'Zubogy', '3723', 'BZ'),
(1049, 'Imola', '3724', 'BZ'),
(1050, 'Ragály', '3724', 'BZ'),
(1051, 'Trizs', '3724', 'BZ'),
(1052, 'Alsószuha', '3726', 'BZ'),
(1053, 'Szuhafő', '3726', 'BZ'),
(1054, 'Zádorfalva', '3726', 'BZ'),
(1055, 'Gömörszőlős', '3728', 'BZ'),
(1056, 'Kelemér', '3728', 'BZ'),
(1057, 'Serényfalva', '3729', 'BZ'),
(1058, 'Szuhakálló', '3731', 'BZ'),
(1059, 'Kurityán', '3732', 'BZ'),
(1060, 'Rudabánya', '3733', 'BZ'),
(1061, 'Szuhogy', '3734', 'BZ'),
(1062, 'Kánó', '3735', 'BZ'),
(1063, 'Felsőtelekes', '3735', 'BZ'),
(1064, 'Alsótelekes', '3735', 'BZ'),
(1065, 'Izsófalva', '3741', 'BZ'),
(1066, 'Rudolftelep', '3742', 'BZ'),
(1067, 'Ormosbánya', '3743', 'BZ'),
(1068, 'Múcsony', '3744', 'BZ'),
(1069, 'Szendrőlád', '3751', 'BZ'),
(1070, 'Galvács', '3752', 'BZ'),
(1071, 'Szendrő', '3752', 'BZ'),
(1072, 'Abod', '3753', 'BZ'),
(1073, 'Szalonna', '3754', 'BZ'),
(1074, 'Meszes', '3754', 'BZ'),
(1075, 'Martonyi', '3755', 'BZ'),
(1076, 'Varbóc', '3756', 'BZ'),
(1077, 'Perkupa', '3756', 'BZ'),
(1078, 'Égerszög', '3757', 'BZ'),
(1079, 'Teresztenye', '3757', 'BZ'),
(1080, 'Szőlősardó', '3757', 'BZ'),
(1081, 'Jósvafő', '3758', 'BZ'),
(1082, 'Aggtelek', '3759', 'BZ'),
(1083, 'Szin', '3761', 'BZ'),
(1084, 'Tornakápolna', '3761', 'BZ'),
(1085, 'Szinpetri', '3761', 'BZ'),
(1086, 'Szögliget', '3762', 'BZ'),
(1087, 'Bódvaszilas', '3763', 'BZ'),
(1088, 'Bódvarákó', '3764', 'BZ'),
(1089, 'Tornaszentandrás', '3765', 'BZ'),
(1090, 'Komjáti', '3765', 'BZ'),
(1091, 'Tornabarakony', '3765', 'BZ'),
(1092, 'Tornanádaska', '3767', 'BZ'),
(1093, 'Hidvégardó', '3768', 'BZ'),
(1094, 'Bódvalenke', '3768', 'BZ'),
(1095, 'Becskeháza', '3768', 'BZ'),
(1096, 'Tornaszentjakab', '3769', 'BZ'),
(1097, 'Sajószentpéter', '3770', 'BZ'),
(1098, 'Sajókápolna', '3773', 'BZ'),
(1099, 'Sajólászlófalva', '3773', 'BZ'),
(1100, 'Kondó', '3775', 'BZ'),
(1101, 'Radostyán', '3776', 'BZ'),
(1102, 'Parasznya', '3777', 'BZ'),
(1103, 'Varbó', '3778', 'BZ'),
(1104, 'Alacska', '3779', 'BZ'),
(1105, 'Ládbesenyő', '3780', 'BZ'),
(1106, 'Damak', '3780', 'BZ'),
(1107, 'Balajt', '3780', 'BZ'),
(1108, 'Edelény', '3780', 'BZ'),
(1109, 'Ládbesenyő', '3783', 'BZ'),
(1110, 'Irota', '3786', 'BZ'),
(1111, 'Szakácsi', '3786', 'BZ'),
(1112, 'Hegymeg', '3786', 'BZ'),
(1113, 'Lak', '3786', 'BZ'),
(1114, 'Tomor', '3787', 'BZ'),
(1115, 'Sajókeresztúr', '3791', 'BZ'),
(1116, 'Sajóbábony', '3792', 'BZ'),
(1117, 'Sajóecseg', '3793', 'BZ'),
(1118, 'Boldva', '3794', 'BZ'),
(1119, 'Ziliz', '3794', 'BZ'),
(1120, 'Hangács', '3795', 'BZ'),
(1121, 'Nyomár', '3795', 'BZ'),
(1122, 'Borsodszirák', '3796', 'BZ'),
(1123, 'Szikszó', '3800', 'BZ'),
(1124, 'Abaújszolnok', '3809', 'BZ'),
(1125, 'Nyésta', '3809', 'BZ'),
(1126, 'Selyeb', '3809', 'BZ'),
(1127, 'Alsóvadász', '3811', 'BZ'),
(1128, 'Monaj', '3812', 'BZ'),
(1129, 'Homrogd', '3812', 'BZ'),
(1130, 'Kupa', '3813', 'BZ'),
(1131, 'Felsővadász', '3814', 'BZ'),
(1132, 'Gadna', '3815', 'BZ'),
(1133, 'Abaújlak', '3815', 'BZ'),
(1134, 'Gagyvendégi', '3816', 'BZ'),
(1135, 'Gagybátor', '3817', 'BZ'),
(1136, 'Pamlény', '3821', 'BZ'),
(1137, 'Büttös', '3821', 'BZ'),
(1138, 'Szászfa', '3821', 'BZ'),
(1139, 'Kány', '3821', 'BZ'),
(1140, 'Perecse', '3821', 'BZ'),
(1141, 'Krasznokvajda', '3821', 'BZ'),
(1142, 'Keresztéte', '3821', 'BZ'),
(1143, 'Debréte', '3825', 'BZ'),
(1144, 'Rakaca', '3825', 'BZ'),
(1145, 'Viszló', '3825', 'BZ'),
(1146, 'Rakacaszend', '3826', 'BZ'),
(1147, 'Kázsmárk', '3831', 'BZ'),
(1148, 'Léh', '3832', 'BZ'),
(1149, 'Rásonysápberencs', '3833', 'BZ'),
(1150, 'Beret', '3834', 'BZ'),
(1151, 'Detek', '3834', 'BZ'),
(1152, 'Baktakék', '3836', 'BZ'),
(1153, 'Felsőgagy', '3837', 'BZ'),
(1154, 'Gagyapáti', '3837', 'BZ'),
(1155, 'Alsógagy', '3837', 'BZ'),
(1156, 'Csenyéte', '3837', 'BZ'),
(1157, 'Aszaló', '3841', 'BZ'),
(1158, 'Halmaj', '3842', 'BZ'),
(1159, 'Kiskinizs', '3843', 'BZ'),
(1160, 'Szentistvánbaksa', '3844', 'BZ'),
(1161, 'Nagykinizs', '3844', 'BZ'),
(1162, 'Hernádkércs', '3846', 'BZ'),
(1163, 'Felsődobsza', '3847', 'BZ'),
(1164, 'Csobád', '3848', 'BZ'),
(1165, 'Forró', '3849', 'BZ'),
(1166, 'Ináncs', '3851', 'BZ'),
(1167, 'Hernádszentandrás', '3852', 'BZ'),
(1168, 'Pere', '3853', 'BZ'),
(1169, 'Hernádbűd', '3853', 'BZ'),
(1170, 'Hernádbűd', '3854', 'BZ'),
(1171, 'Fancsal', '3855', 'BZ'),
(1172, 'Encs', '3860', 'BZ'),
(1173, 'Encs', '3861', 'BZ'),
(1174, 'Szalaszend', '3863', 'BZ'),
(1175, 'Fulókércs', '3864', 'BZ'),
(1176, 'Fáj', '3865', 'BZ'),
(1177, 'Szemere', '3866', 'BZ'),
(1178, 'Litka', '3866', 'BZ'),
(1179, 'Méra', '3871', 'BZ'),
(1180, 'Novajidrány', '3872', 'BZ'),
(1181, 'Garadna', '3873', 'BZ'),
(1182, 'Pusztaradvány', '3874', 'BZ'),
(1183, 'Hernádvécse', '3874', 'BZ'),
(1184, 'Hernádpetri', '3874', 'BZ'),
(1185, 'Hernádszurdok', '3875', 'BZ'),
(1186, 'Hidasnémeti', '3876', 'BZ'),
(1187, 'Tornyosnémeti', '3877', 'BZ'),
(1188, 'Abaújszántó', '3881', 'BZ'),
(1189, 'Sima', '3881', 'BZ'),
(1190, 'Baskó', '3881', 'BZ'),
(1191, 'Abaújalpár', '3882', 'BZ'),
(1192, 'Abaújkér', '3882', 'BZ'),
(1193, 'Boldogkőújfalu', '3884', 'BZ'),
(1194, 'Boldogkőváralja', '3885', 'BZ'),
(1195, 'Arka', '3885', 'BZ'),
(1196, 'Korlát', '3886', 'BZ'),
(1197, 'Hernádcéce', '3887', 'BZ'),
(1198, 'Vizsoly', '3888', 'BZ'),
(1199, 'Vilmány', '3891', 'BZ'),
(1200, 'Hejce', '3892', 'BZ'),
(1201, 'Regéc', '3893', 'BZ'),
(1202, 'Fony', '3893', 'BZ'),
(1203, 'Mogyoróska', '3893', 'BZ'),
(1204, 'Göncruszka', '3894', 'BZ'),
(1205, 'Gönc', '3895', 'BZ'),
(1206, 'Telkibánya', '3896', 'BZ'),
(1207, 'Zsujta', '3897', 'BZ'),
(1208, 'Abaújvár', '3898', 'BZ'),
(1209, 'Pányok', '3898', 'BZ'),
(1210, 'Kéked', '3899', 'BZ'),
(1211, 'Szerencs', '3900', 'BZ'),
(1212, 'Szerencs', '3901', 'BZ'),
(1213, 'Bekecs', '3903', 'BZ'),
(1214, 'Legyesbénye', '3904', 'BZ'),
(1215, 'Monok', '3905', 'BZ'),
(1216, 'Golop', '3906', 'BZ'),
(1217, 'Tállya', '3907', 'BZ'),
(1218, 'Rátka', '3908', 'BZ'),
(1219, 'Mád', '3909', 'BZ'),
(1220, 'Tokaj', '3910', 'BZ'),
(1221, 'Tokaj', '3911', 'BZ'),
(1222, 'Tarcal', '3915', 'BZ'),
(1223, 'Bodrogkeresztúr', '3916', 'BZ'),
(1224, 'Bodrogkisfalud', '3917', 'BZ'),
(1225, 'Szegi', '3918', 'BZ'),
(1226, 'Szegilong', '3918', 'BZ'),
(1227, 'Taktaszada', '3921', 'BZ'),
(1228, 'Taktaharkány', '3922', 'BZ'),
(1229, 'Taktaharkány', '3923', 'BZ'),
(1230, 'Taktakenéz', '3924', 'BZ'),
(1231, 'Prügy', '3925', 'BZ'),
(1232, 'Taktabáj', '3926', 'BZ'),
(1233, 'Csobaj', '3927', 'BZ'),
(1234, 'Tiszatardos', '3928', 'BZ'),
(1235, 'Tiszaladány', '3929', 'BZ'),
(1236, 'Mezőzombor', '3931', 'BZ'),
(1237, 'Erdőbénye', '3932', 'BZ'),
(1238, 'Olaszliszka', '3933', 'BZ'),
(1239, 'Tolcsva', '3934', 'BZ'),
(1240, 'Erdőhorváti', '3935', 'BZ'),
(1241, 'Háromhuta', '3936', 'BZ'),
(1242, 'Komlóska', '3937', 'BZ'),
(1243, 'Vámosújfalu', '3941', 'BZ'),
(1244, 'Sárazsadány', '3942', 'BZ'),
(1245, 'Bodrogolaszi', '3943', 'BZ'),
(1246, 'Bodrogolaszi', '3944', 'BZ'),
(1247, 'Bodrogolaszi', '3945', 'BZ'),
(1248, 'Sárospatak', '3950', 'BZ'),
(1249, 'Györgytarló', '3954', 'BZ'),
(1250, 'Kenézlő', '3955', 'BZ'),
(1251, 'Viss', '3956', 'BZ'),
(1252, 'Zalkod', '3957', 'BZ'),
(1253, 'Hercegkút', '3958', 'BZ'),
(1254, 'Makkoshotyka', '3959', 'BZ'),
(1255, 'Vajdácska', '3961', 'BZ'),
(1256, 'Karos', '3962', 'BZ'),
(1257, 'Karcsa', '3963', 'BZ'),
(1258, 'Pácin', '3964', 'BZ'),
(1259, 'Kisrozvágy', '3965', 'BZ'),
(1260, 'Nagyrozvágy', '3965', 'BZ'),
(1261, 'Lácacséke', '3967', 'BZ'),
(1262, 'Tiszakarád', '3971', 'BZ'),
(1263, 'Tiszacsermely', '3972', 'BZ'),
(1264, 'Cigánd', '3973', 'BZ'),
(1265, 'Ricse', '3974', 'BZ'),
(1266, 'Semjén', '3974', 'BZ'),
(1267, 'Révleányvár', '3976', 'BZ'),
(1268, 'Zemplénagárd', '3977', 'BZ'),
(1269, 'Dámóc', '3978', 'BZ'),
(1270, 'Sátoraljaújhely', '3980', 'BZ'),
(1271, 'Sátoraljaújhely', '3981', 'BZ'),
(1272, 'Felsőberecki', '3985', 'BZ'),
(1273, 'Alsóberecki', '3985', 'BZ'),
(1274, 'Bodroghalom', '3987', 'BZ'),
(1275, 'Bodroghalom', '3988', 'BZ'),
(1276, 'Mikóháza', '3989', 'BZ'),
(1277, 'Felsőregmec', '3989', 'BZ'),
(1278, 'Alsóregmec', '3989', 'BZ'),
(1279, 'Vilyvitány', '3991', 'BZ'),
(1280, 'Vágáshuta', '3992', 'BZ'),
(1281, 'Kovácsvágás', '3992', 'BZ'),
(1282, 'Füzérradvány', '3993', 'BZ'),
(1283, 'Kishuta', '3994', 'BZ'),
(1284, 'Filkeháza', '3994', 'BZ'),
(1285, 'Nagyhuta', '3994', 'BZ'),
(1286, 'Füzérkajata', '3994', 'BZ'),
(1287, 'Pálháza', '3994', 'BZ'),
(1288, 'Bózsva', '3994', 'BZ'),
(1289, 'Pusztafalu', '3995', 'BZ'),
(1290, 'Füzér', '3996', 'BZ'),
(1291, 'Füzérkomlós', '3997', 'BZ'),
(1292, 'Nyíri', '3998', 'BZ'),
(1293, 'Hollóháza', '3999', 'BZ'),
(1294, 'Debrecen', '4000', 'HB'),
(1295, 'Debrecen', '4001', 'HB'),
(1296, 'Debrecen', '4002', 'HB'),
(1297, 'Debrecen', '4003', 'HB'),
(1298, 'Debrecen', '4004', 'HB'),
(1299, 'Debrecen', '4005', 'HB'),
(1300, 'Debrecen', '4006', 'HB'),
(1301, 'Debrecen', '4007', 'HB'),
(1302, 'Debrecen', '4008', 'HB'),
(1303, 'Debrecen', '4009', 'HB'),
(1304, 'Debrecen', '4010', 'HB'),
(1305, 'Debrecen', '4011', 'HB'),
(1306, 'Debrecen', '4012', 'HB'),
(1307, 'Debrecen', '4013', 'HB'),
(1308, 'Debrecen', '4014', 'HB'),
(1309, 'Debrecen', '4015', 'HB'),
(1310, 'Debrecen', '4017', 'HB'),
(1311, 'Debrecen', '4021', 'HB'),
(1312, 'Debrecen', '4022', 'HB'),
(1313, 'Debrecen', '4024', 'HB'),
(1314, 'Debrecen', '4025', 'HB'),
(1315, 'Debrecen', '4026', 'HB'),
(1316, 'Debrecen', '4027', 'HB'),
(1317, 'Debrecen', '4028', 'HB'),
(1318, 'Debrecen', '4029', 'HB'),
(1319, 'Debrecen', '4030', 'HB'),
(1320, 'Debrecen', '4031', 'HB'),
(1321, 'Debrecen', '4032', 'HB'),
(1322, 'Debrecen', '4033', 'HB'),
(1323, 'Debrecen', '4034', 'HB'),
(1324, 'Debrecen', '4040', 'HB'),
(1325, 'Debrecen', '4041', 'HB'),
(1326, 'Debrecen', '4042', 'HB'),
(1327, 'Debrecen', '4044', 'HB'),
(1328, 'Debrecen', '4045', 'HB'),
(1329, 'Debrecen', '4046', 'HB'),
(1330, 'Debrecen', '4047', 'HB'),
(1331, 'Debrecen', '4048', 'HB'),
(1332, 'Balmazújváros', '4060', 'HB'),
(1333, 'Balmazújváros', '4063', 'HB'),
(1334, 'Debrecen', '4063', 'HB'),
(1335, 'Nagyhegyes', '4064', 'HB'),
(1336, 'Újszentmargita', '4065', 'HB'),
(1337, 'Tiszacsege', '4066', 'HB'),
(1338, 'Tiszacsege', '4067', 'HB'),
(1339, 'Egyek', '4069', 'HB'),
(1340, 'Hortobágy', '4071', 'HB'),
(1341, 'Tarnalelesz', '4074', 'HB'),
(1342, 'Görbeháza', '4075', 'HB'),
(1343, 'Görbeháza', '4078', 'HB'),
(1344, 'Görbeháza', '4079', 'HB'),
(1345, 'Hajdúnánás', '4080', 'HB'),
(1346, 'Hajdúnánás', '4081', 'HB'),
(1347, 'Hajdúnánás', '4085', 'HB'),
(1348, 'Hajdúnánás', '4086', 'HB'),
(1349, 'Hajdúdorog', '4087', 'HB'),
(1350, 'Polgár', '4090', 'HB'),
(1351, 'Folyás', '4090', 'HB'),
(1352, 'Újtikos', '4096', 'HB'),
(1353, 'Tiszagyulaháza', '4097', 'HB'),
(1354, 'Berettyóújfalu', '4100', 'HB'),
(1355, 'Berettyóújfalu', '4101', 'HB'),
(1356, 'Berettyóújfalu', '4103', 'HB'),
(1357, 'Biharkeresztes', '4110', 'HB'),
(1358, 'Bojt', '4114', 'HB'),
(1359, 'Ártánd', '4115', 'HB'),
(1360, 'Berekböszörmény', '4116', 'HB'),
(1361, 'Told', '4117', 'HB'),
(1362, 'Mezőpeterd', '4118', 'HB'),
(1363, 'Váncsod', '4119', 'HB'),
(1364, 'Szentpéterszeg', '4121', 'HB'),
(1365, 'Gáborján', '4122', 'HB'),
(1366, 'Hencida', '4123', 'HB'),
(1367, 'Esztár', '4124', 'HB'),
(1368, 'Pocsaj', '4125', 'HB'),
(1369, 'Kismarja', '4126', 'HB'),
(1370, 'Nagykereki', '4127', 'HB'),
(1371, 'Bedő', '4128', 'HB'),
(1372, 'Derecske', '4130', 'HB'),
(1373, 'Derecske', '4131', 'HB'),
(1374, 'Tépe', '4132', 'HB'),
(1375, 'Konyár', '4133', 'HB'),
(1376, 'Mezősas', '4134', 'HB'),
(1377, 'Körösszegapáti', '4135', 'HB'),
(1378, 'Körösszakál', '4136', 'HB'),
(1379, 'Magyarhomorog', '4137', 'HB'),
(1380, 'Komádi', '4138', 'HB'),
(1381, 'Furta', '4141', 'HB'),
(1382, 'Zsáka', '4142', 'HB'),
(1383, 'Vekerd', '4143', 'HB'),
(1384, 'Darvas', '4144', 'HB'),
(1385, 'Csökmő', '4145', 'HB'),
(1386, 'Újiráz', '4146', 'HB'),
(1387, 'Püspökladány', '4150', 'HB'),
(1388, 'Püspökladány', '4151', 'HB'),
(1389, 'Püspökladány', '4152', 'HB'),
(1390, 'Püspökladány', '4155', 'HB'),
(1391, 'Báránd', '4161', 'HB'),
(1392, 'Báránd', '4162', 'HB'),
(1393, 'Szerep', '4163', 'HB'),
(1394, 'Bakonszeg', '4164', 'HB'),
(1395, 'Sárrétudvari', '4171', 'HB'),
(1396, 'Biharnagybajom', '4172', 'HB'),
(1397, 'Nagyrábé', '4173', 'HB'),
(1398, 'Bihartorda', '4174', 'HB'),
(1399, 'Bihardancsháza', '4175', 'HB'),
(1400, 'Sáp', '4176', 'HB'),
(1401, 'Földes', '4177', 'HB'),
(1402, 'Nádudvar', '4181', 'HB'),
(1403, 'Kaba', '4183', 'HB'),
(1404, 'Tetétlen', '4184', 'HB'),
(1405, 'Hajdúszoboszló', '4200', 'HB'),
(1406, 'Hajdúszoboszló', '4201', 'HB'),
(1407, 'Hajdúszoboszló', '4202', 'HB'),
(1408, 'Ebes', '4211', 'HB'),
(1409, 'Hajdúszovát', '4212', 'HB'),
(1410, 'Hajdúböszörmény', '4220', 'HB'),
(1411, 'Hajdúböszörmény', '4221', 'HB'),
(1412, 'Hajdúböszörmény', '4224', 'HB'),
(1413, 'Hajdúböszörmény', '4225', 'HB'),
(1414, 'Debrecen', '4225', 'HB'),
(1415, 'Bököny', '4231', 'SZ'),
(1416, 'Geszteréd', '4232', 'SZ'),
(1417, 'Balkány', '4233', 'SZ'),
(1418, 'Szakoly', '4234', 'SZ'),
(1419, 'Biri', '4235', 'SZ'),
(1420, 'Bocskaikert', '4241', 'HB'),
(1421, 'Hajdúhadház', '4242', 'HB'),
(1422, 'Téglás', '4243', 'HB'),
(1423, 'Újfehértó', '4244', 'SZ'),
(1424, 'Érpatak', '4245', 'SZ'),
(1425, 'Érpatak', '4246', 'SZ'),
(1426, 'Hajdúsámson', '4251', 'HB'),
(1427, 'Hajdúsámson', '4252', 'HB'),
(1428, 'Hajdúsámson', '4253', 'HB'),
(1429, 'Nyíradony', '4254', 'HB'),
(1430, 'Nyíracsád', '4262', 'HB'),
(1431, 'Nyírmártonfalva', '4263', 'HB'),
(1432, 'Nyírábrány', '4264', 'HB'),
(1433, 'Fülöp', '4266', 'HB'),
(1434, 'Penészlek', '4267', 'SZ'),
(1435, 'Mikepércs', '4271', 'HB'),
(1436, 'Sáránd', '4272', 'HB'),
(1437, 'Hajdúbagos', '4273', 'HB'),
(1438, 'Hosszúpályi', '4274', 'HB'),
(1439, 'Monostorpályi', '4275', 'HB'),
(1440, 'Létavértes', '4281', 'HB'),
(1441, 'Létavértes', '4283', 'HB'),
(1442, 'Kokad', '4284', 'HB'),
(1443, 'Álmosd', '4285', 'HB'),
(1444, 'Bagamér', '4286', 'HB'),
(1445, 'Vámospércs', '4287', 'HB'),
(1446, 'Újléta', '4288', 'HB'),
(1447, 'Nyírbátor', '4300', 'SZ'),
(1448, 'Nyírbátor', '4301', 'SZ'),
(1449, 'Nyírgyulaj', '4311', 'SZ'),
(1450, 'Nagykálló', '4320', 'SZ'),
(1451, 'Nagykálló', '4321', 'SZ'),
(1452, 'Kállósemjén', '4324', 'SZ'),
(1453, 'Kisléta', '4325', 'SZ'),
(1454, 'Máriapócs', '4326', 'SZ'),
(1455, 'Pócspetri', '4327', 'SZ'),
(1456, 'Nyírcsászári', '4331', 'SZ'),
(1457, 'Nyírderzs', '4332', 'SZ'),
(1458, 'Nyírkáta', '4333', 'SZ'),
(1459, 'Hodász', '4334', 'SZ'),
(1460, 'Kántorjánosi', '4335', 'SZ'),
(1461, 'Őr', '4336', 'SZ'),
(1462, 'Jármi', '4337', 'SZ'),
(1463, 'Papos', '4338', 'SZ'),
(1464, 'Nyírvasvári', '4341', 'SZ'),
(1465, 'Terem', '4342', 'SZ'),
(1466, 'Bátorliget', '4343', 'SZ'),
(1467, 'Vállaj', '4351', 'SZ'),
(1468, 'Mérk', '4352', 'SZ'),
(1469, 'Tiborszállás', '4353', 'SZ'),
(1470, 'Fábiánháza', '4354', 'SZ'),
(1471, 'Nagyecsed', '4355', 'SZ'),
(1472, 'Nyírcsaholy', '4356', 'SZ'),
(1473, 'Nyírbogát', '4361', 'SZ'),
(1474, 'Nyírgelse', '4362', 'SZ'),
(1475, 'Nyírmihálydi', '4363', 'SZ'),
(1476, 'Nyírlugos', '4371', 'SZ'),
(1477, 'Nyírbéltek', '4372', 'SZ'),
(1478, 'Ömböly', '4373', 'SZ'),
(1479, 'Encsencs', '4374', 'SZ'),
(1480, 'Piricse', '4375', 'SZ'),
(1481, 'Nyírpilis', '4376', 'SZ'),
(1482, 'Nyíregyháza', '4400', 'SZ'),
(1483, 'Nyíregyháza', '4401', 'SZ'),
(1484, 'Nyíregyháza', '4402', 'SZ'),
(1485, 'Nyíregyháza', '4403', 'SZ'),
(1486, 'Nyíregyháza', '4404', 'SZ'),
(1487, 'Nyíregyháza', '4405', 'SZ'),
(1488, 'Nyíregyháza', '4406', 'SZ'),
(1489, 'Nyíregyháza', '4407', 'SZ'),
(1490, 'Nyíregyháza', '4410', 'SZ'),
(1491, 'Nyíregyháza', '4411', 'SZ'),
(1492, 'Nyíregyháza', '4412', 'SZ'),
(1493, 'Nyíregyháza', '4413', 'SZ'),
(1494, 'Nyíregyháza', '4431', 'SZ'),
(1495, 'Nyíregyháza', '4432', 'SZ'),
(1496, 'Nyíregyháza', '4433', 'SZ'),
(1497, 'Kálmánháza', '4434', 'SZ'),
(1498, 'Nyíregyháza', '4435', 'SZ'),
(1499, 'Tiszavasvári', '4440', 'SZ'),
(1500, 'Szorgalmatos', '4441', 'SZ'),
(1501, 'Szorgalmatos', '4444', 'SZ'),
(1502, 'Nagycserkesz', '4445', 'SZ'),
(1503, 'Nagycserkesz', '4446', 'SZ'),
(1504, 'Nagycserkesz', '4447', 'SZ'),
(1505, 'Tiszalök', '4450', 'SZ'),
(1506, 'Tiszadada', '4455', 'SZ'),
(1507, 'Tiszadob', '4456', 'SZ'),
(1508, 'Nyírtelek', '4461', 'SZ'),
(1509, 'Tiszanagyfalu', '4463', 'SZ'),
(1510, 'Tiszaeszlár', '4464', 'SZ'),
(1511, 'Rakamaz', '4465', 'SZ'),
(1512, 'Timár', '4466', 'SZ'),
(1513, 'Szabolcs', '4467', 'SZ'),
(1514, 'Balsa', '4468', 'SZ'),
(1515, 'Gávavencsellő', '4471', 'SZ');
INSERT INTO `settlement` (`SettlementID`, `SettlementName`, `ZipCode`, `county`) VALUES
(1516, 'Gávavencsellő', '4472', 'SZ'),
(1517, 'Tiszabercel', '4474', 'SZ'),
(1518, 'Paszab', '4475', 'SZ'),
(1519, 'Paszab', '4481', 'SZ'),
(1520, 'Kótaj', '4482', 'SZ'),
(1521, 'Buj', '4483', 'SZ'),
(1522, 'Ibrány', '4484', 'SZ'),
(1523, 'Nagyhalász', '4485', 'SZ'),
(1524, 'Nagyhalász', '4486', 'SZ'),
(1525, 'Tiszatelek', '4487', 'SZ'),
(1526, 'Beszterec', '4488', 'SZ'),
(1527, 'Újdombrád', '4491', 'SZ'),
(1528, 'Dombrád', '4492', 'SZ'),
(1529, 'Tiszakanyár', '4493', 'SZ'),
(1530, 'Kékcse', '4494', 'SZ'),
(1531, 'Döge', '4495', 'SZ'),
(1532, 'Szabolcsveresmart', '4496', 'SZ'),
(1533, 'Kemecse', '4501', 'SZ'),
(1534, 'Vasmegyer', '4502', 'SZ'),
(1535, 'Tiszarád', '4503', 'SZ'),
(1536, 'Nyírbogdány', '4511', 'SZ'),
(1537, 'Nyírbogdány', '4512', 'SZ'),
(1538, 'Kék', '4515', 'SZ'),
(1539, 'Demecser', '4516', 'SZ'),
(1540, 'Gégény', '4517', 'SZ'),
(1541, 'Berkesz', '4521', 'SZ'),
(1542, 'Nyírtass', '4522', 'SZ'),
(1543, 'Pátroha', '4523', 'SZ'),
(1544, 'Ajak', '4524', 'SZ'),
(1545, 'Rétközberencs', '4525', 'SZ'),
(1546, 'Nyírpazony', '4531', 'SZ'),
(1547, 'Nyírtura', '4532', 'SZ'),
(1548, 'Sényő', '4533', 'SZ'),
(1549, 'Székely', '4534', 'SZ'),
(1550, 'Nyíribrony', '4535', 'SZ'),
(1551, 'Ramocsaháza', '4536', 'SZ'),
(1552, 'Nyírkércs', '4537', 'SZ'),
(1553, 'Nyírjákó', '4541', 'SZ'),
(1554, 'Petneháza', '4542', 'SZ'),
(1555, 'Laskod', '4543', 'SZ'),
(1556, 'Nyírkarász', '4544', 'SZ'),
(1557, 'Gyulaháza', '4545', 'SZ'),
(1558, 'Anarcs', '4546', 'SZ'),
(1559, 'Szabolcsbáka', '4547', 'SZ'),
(1560, 'Szabolcsbáka', '4551', 'SZ'),
(1561, 'Napkor', '4552', 'SZ'),
(1562, 'Apagy', '4553', 'SZ'),
(1563, 'Nyírtét', '4554', 'SZ'),
(1564, 'Levelek', '4555', 'SZ'),
(1565, 'Magy', '4556', 'SZ'),
(1566, 'Besenyőd', '4557', 'SZ'),
(1567, 'Ófehértó', '4558', 'SZ'),
(1568, 'Baktalórántháza', '4561', 'SZ'),
(1569, 'Vaja', '4562', 'SZ'),
(1570, 'Rohod', '4563', 'SZ'),
(1571, 'Nyírmada', '4564', 'SZ'),
(1572, 'Pusztadobos', '4565', 'SZ'),
(1573, 'Ilk', '4566', 'SZ'),
(1574, 'Gemzse', '4567', 'SZ'),
(1575, 'Kisvárda', '4600', 'SZ'),
(1576, 'Kisvárda', '4601', 'SZ'),
(1577, 'Kisvárda', '4603', 'SZ'),
(1578, 'Jéke', '4611', 'SZ'),
(1579, 'Fényeslitke', '4621', 'SZ'),
(1580, 'Komoró', '4622', 'SZ'),
(1581, 'Tuzsér', '4623', 'SZ'),
(1582, 'Tiszabezdéd', '4624', 'SZ'),
(1583, 'Győröcske', '4625', 'SZ'),
(1584, 'Záhony', '4625', 'SZ'),
(1585, 'Zsurk', '4627', 'SZ'),
(1586, 'Tiszaszentmárton', '4628', 'SZ'),
(1587, 'Pap', '4631', 'SZ'),
(1588, 'Nyírlövő', '4632', 'SZ'),
(1589, 'Lövőpetri', '4633', 'SZ'),
(1590, 'Aranyosapáti', '4634', 'SZ'),
(1591, 'Újkenéz', '4635', 'SZ'),
(1592, 'Mezőladány', '4641', 'SZ'),
(1593, 'Tornyospálca', '4642', 'SZ'),
(1594, 'Benk', '4643', 'SZ'),
(1595, 'Mándok', '4644', 'SZ'),
(1596, 'Tiszamogyorós', '4645', 'SZ'),
(1597, 'Eperjeske', '4646', 'SZ'),
(1598, 'Mátészalka', '4700', 'SZ'),
(1599, 'Mátészalka', '4701', 'SZ'),
(1600, 'Mátészalka', '4702', 'SZ'),
(1601, 'Szamoskér', '4721', 'SZ'),
(1602, 'Nyírmeggyes', '4722', 'SZ'),
(1603, 'Tunyogmatolcs', '4731', 'SZ'),
(1604, 'Cégénydányád', '4732', 'SZ'),
(1605, 'Gyügye', '4733', 'SZ'),
(1606, 'Szamosújlak', '4734', 'SZ'),
(1607, 'Hermánszeg', '4735', 'SZ'),
(1608, 'Szamossályi', '4735', 'SZ'),
(1609, 'Darnó', '4737', 'SZ'),
(1610, 'Kisnamény', '4737', 'SZ'),
(1611, 'Jánkmajtis', '4741', 'SZ'),
(1612, 'Csegöld', '4742', 'SZ'),
(1613, 'Csengersima', '4743', 'SZ'),
(1614, 'Szamosbecs', '4745', 'SZ'),
(1615, 'Szamostatárfalva', '4746', 'SZ'),
(1616, 'Kocsord', '4751', 'SZ'),
(1617, 'Győrtelek', '4752', 'SZ'),
(1618, 'Géberjén', '4754', 'SZ'),
(1619, 'Fülpösdaróc', '4754', 'SZ'),
(1620, 'Ököritófülpös', '4755', 'SZ'),
(1621, 'Rápolt', '4756', 'SZ'),
(1622, 'Porcsalma', '4761', 'SZ'),
(1623, 'Tyukod', '4762', 'SZ'),
(1624, 'Ura', '4763', 'SZ'),
(1625, 'Csengerújfalu', '4764', 'SZ'),
(1626, 'Komlódtótfalu', '4765', 'SZ'),
(1627, 'Csenger', '4765', 'SZ'),
(1628, 'Pátyod', '4766', 'SZ'),
(1629, 'Szamosangyalos', '4767', 'SZ'),
(1630, 'Vásárosnamény', '4800', 'SZ'),
(1631, 'Vásárosnamény', '4801', 'SZ'),
(1632, 'Vásárosnamény', '4803', 'SZ'),
(1633, 'Vásárosnamény', '4804', 'SZ'),
(1634, 'Kisvarsány', '4811', 'SZ'),
(1635, 'Nagyvarsány', '4812', 'SZ'),
(1636, 'Gyüre', '4813', 'SZ'),
(1637, 'Ópályi', '4821', 'SZ'),
(1638, 'Nyírparasznya', '4822', 'SZ'),
(1639, 'Nagydobos', '4823', 'SZ'),
(1640, 'Szamosszeg', '4824', 'SZ'),
(1641, 'Olcsva', '4826', 'SZ'),
(1642, 'Tiszaszalka', '4831', 'SZ'),
(1643, 'Tiszavid', '4832', 'SZ'),
(1644, 'Tiszaadony', '4833', 'SZ'),
(1645, 'Tiszakerecseny', '4834', 'SZ'),
(1646, 'Mátyus', '4835', 'SZ'),
(1647, 'Lónya', '4836', 'SZ'),
(1648, 'Jánd', '4841', 'SZ'),
(1649, 'Gulács', '4842', 'SZ'),
(1650, 'Hetefejércse', '4843', 'SZ'),
(1651, 'Csaroda', '4844', 'SZ'),
(1652, 'Tákos', '4845', 'SZ'),
(1653, 'Fehérgyarmat', '4900', 'SZ'),
(1654, 'Fehérgyarmat', '4901', 'SZ'),
(1655, 'Nábrád', '4911', 'SZ'),
(1656, 'Kérsemjén', '4912', 'SZ'),
(1657, 'Panyola', '4913', 'SZ'),
(1658, 'Olcsvaapáti', '4914', 'SZ'),
(1659, 'Tivadar', '4921', 'SZ'),
(1660, 'Kisar', '4921', 'SZ'),
(1661, 'Nagyar', '4922', 'SZ'),
(1662, 'Tarpa', '4931', 'SZ'),
(1663, 'Márokpapi', '4932', 'SZ'),
(1664, 'Beregsurány', '4933', 'SZ'),
(1665, 'Beregdaróc', '4934', 'SZ'),
(1666, 'Gelénes', '4935', 'SZ'),
(1667, 'Vámosatya', '4936', 'SZ'),
(1668, 'Barabás', '4937', 'SZ'),
(1669, 'Penyige', '4941', 'SZ'),
(1670, 'Mánd', '4942', 'SZ'),
(1671, 'Nemesborzova', '4942', 'SZ'),
(1672, 'Kömörő', '4943', 'SZ'),
(1673, 'Túristvándi', '4944', 'SZ'),
(1674, 'Szatmárcseke', '4945', 'SZ'),
(1675, 'Tiszakóród', '4946', 'SZ'),
(1676, 'Tiszacsécse', '4947', 'SZ'),
(1677, 'Milota', '4948', 'SZ'),
(1678, 'Tiszabecs', '4951', 'SZ'),
(1679, 'Uszka', '4952', 'SZ'),
(1680, 'Magosliget', '4953', 'SZ'),
(1681, 'Sonkád', '4954', 'SZ'),
(1682, 'Botpalád', '4955', 'SZ'),
(1683, 'Kispalád', '4956', 'SZ'),
(1684, 'Zsarolyán', '4961', 'SZ'),
(1685, 'Nagyszekeres', '4962', 'SZ'),
(1686, 'Kisszekeres', '4963', 'SZ'),
(1687, 'Fülesd', '4964', 'SZ'),
(1688, 'Kölcse', '4965', 'SZ'),
(1689, 'Vámosoroszi', '4966', 'SZ'),
(1690, 'Csaholc', '4967', 'SZ'),
(1691, 'Túrricse', '4968', 'SZ'),
(1692, 'Tisztaberek', '4969', 'SZ'),
(1693, 'Rozsály', '4971', 'SZ'),
(1694, 'Gacsály', '4972', 'SZ'),
(1695, 'Császló', '4973', 'SZ'),
(1696, 'Zajta', '4974', 'SZ'),
(1697, 'Méhtelek', '4975', 'SZ'),
(1698, 'Garbolc', '4976', 'SZ'),
(1699, 'Kishódos', '4977', 'SZ'),
(1700, 'Nagyhódos', '4977', 'SZ'),
(1701, 'Szolnok', '5000', 'JN'),
(1702, 'Szolnok', '5001', 'JN'),
(1703, 'Szolnok', '5002', 'JN'),
(1704, 'Szolnok', '5003', 'JN'),
(1705, 'Szolnok', '5004', 'JN'),
(1706, 'Szolnok', '5005', 'JN'),
(1707, 'Szolnok', '5006', 'JN'),
(1708, 'Szolnok', '5007', 'JN'),
(1709, 'Szolnok', '5008', 'JN'),
(1710, 'Szolnok', '5009', 'JN'),
(1711, 'Zagyvarékas', '5051', 'JN'),
(1712, 'Újszász', '5052', 'JN'),
(1713, 'Szászberek', '5053', 'JN'),
(1714, 'Jászalsószentgyörgy', '5054', 'JN'),
(1715, 'Jászladány', '5055', 'JN'),
(1716, 'Tiszasüly', '5061', 'JN'),
(1717, 'Kőtelek', '5062', 'JN'),
(1718, 'Hunyadfalva', '5063', 'JN'),
(1719, 'Csataszög', '5064', 'JN'),
(1720, 'Nagykörű', '5065', 'JN'),
(1721, 'Besenyszög', '5071', 'JN'),
(1722, 'Szajol', '5081', 'JN'),
(1723, 'Tiszatenyő', '5082', 'JN'),
(1724, 'Kengyel', '5083', 'JN'),
(1725, 'Rákócziújfalu', '5084', 'JN'),
(1726, 'Rákóczifalva', '5085', 'JN'),
(1727, 'Tószeg', '5091', 'JN'),
(1728, 'Tiszavárkony', '5092', 'JN'),
(1729, 'Vezseny', '5093', 'JN'),
(1730, 'Tiszajenő', '5094', 'JN'),
(1731, 'Tiszajenő', '5095', 'JN'),
(1732, 'Jászberény', '5100', 'JN'),
(1733, 'Jászberény', '5101', 'JN'),
(1734, 'Jászberény', '5102', 'JN'),
(1735, 'Jászfelsőszentgyörgy', '5111', 'JN'),
(1736, 'Jászjákóhalma', '5121', 'JN'),
(1737, 'Jászdózsa', '5122', 'JN'),
(1738, 'Jászárokszállás', '5123', 'JN'),
(1739, 'Jászágó', '5124', 'JN'),
(1740, 'Pusztamonostor', '5125', 'JN'),
(1741, 'Jászfényszaru', '5126', 'JN'),
(1742, 'Jászapáti', '5130', 'JN'),
(1743, 'Jászapáti', '5131', 'JN'),
(1744, 'Jászivány', '5135', 'JN'),
(1745, 'Jászszentandrás', '5136', 'JN'),
(1746, 'Jászkisér', '5137', 'JN'),
(1747, 'Jásztelek', '5141', 'JN'),
(1748, 'Alattyán', '5142', 'JN'),
(1749, 'Jánoshida', '5143', 'JN'),
(1750, 'Jászboldogháza', '5144', 'JN'),
(1751, 'Jászboldogháza', '5152', 'JN'),
(1752, 'Törökszentmiklós', '5200', 'JN'),
(1753, 'Törökszentmiklós', '5201', 'JN'),
(1754, 'Tiszapüspöki', '5211', 'JN'),
(1755, 'Tiszapüspöki', '5212', 'JN'),
(1756, 'Tiszapüspöki', '5213', 'JN'),
(1757, 'Örményes', '5222', 'JN'),
(1758, 'Fegyvernek', '5231', 'JN'),
(1759, 'Tiszabő', '5232', 'JN'),
(1760, 'Tiszagyenda', '5233', 'JN'),
(1761, 'Tiszaroff', '5234', 'JN'),
(1762, 'Tiszabura', '5235', 'JN'),
(1763, 'Abádszalók', '5241', 'JN'),
(1764, 'Tiszaderzs', '5243', 'JN'),
(1765, 'Tiszaszőlős', '5244', 'JN'),
(1766, 'Karcag', '5300', 'JN'),
(1767, 'Karcag', '5301', 'JN'),
(1768, 'Karcag', '5302', 'JN'),
(1769, 'Berekfürdő', '5309', 'JN'),
(1770, 'Kisújszállás', '5310', 'JN'),
(1771, 'Kisújszállás', '5311', 'JN'),
(1772, 'Kunmadaras', '5321', 'JN'),
(1773, 'Tiszaszentimre', '5322', 'JN'),
(1774, 'Tiszaszentimre', '5323', 'JN'),
(1775, 'Tomajmonostora', '5324', 'JN'),
(1776, 'Kenderes', '5331', 'JN'),
(1777, 'Kunhegyes', '5340', 'JN'),
(1778, 'Kunhegyes', '5341', 'JN'),
(1779, 'Kunhegyes', '5349', 'JN'),
(1780, 'Tiszafüred', '5350', 'JN'),
(1781, 'Tiszafüred', '5351', 'JN'),
(1782, 'Tiszafüred', '5358', 'JN'),
(1783, 'Tiszafüred', '5359', 'JN'),
(1784, 'Tiszaigar', '5361', 'JN'),
(1785, 'Tiszaörs', '5362', 'JN'),
(1786, 'Nagyiván', '5363', 'JN'),
(1787, 'Mezőtúr', '5400', 'JN'),
(1788, 'Mezőtúr', '5401', 'JN'),
(1789, 'Mezőtúr', '5403', 'JN'),
(1790, 'Mezőtúr', '5404', 'JN'),
(1791, 'Kétpó', '5411', 'JN'),
(1792, 'Kuncsorba', '5412', 'JN'),
(1793, 'Túrkeve', '5420', 'JN'),
(1794, 'Túrkeve', '5421', 'JN'),
(1795, 'Tiszaföldvár', '5430', 'JN'),
(1796, 'Tiszaföldvár', '5431', 'JN'),
(1797, 'Tiszaföldvár', '5432', 'JN'),
(1798, 'Martfű', '5435', 'JN'),
(1799, 'Kunszentmárton', '5440', 'JN'),
(1800, 'Kunszentmárton', '5441', 'JN'),
(1801, 'Kunszentmárton', '5449', 'JN'),
(1802, 'Öcsöd', '5451', 'JN'),
(1803, 'Mesterszállás', '5452', 'JN'),
(1804, 'Mezőhék', '5453', 'JN'),
(1805, 'Mezőhék', '5461', 'JN'),
(1806, 'Cibakháza', '5462', 'JN'),
(1807, 'Nagyrév', '5463', 'JN'),
(1808, 'Tiszainoka', '5464', 'JN'),
(1809, 'Cserkeszőlő', '5465', 'JN'),
(1810, 'Tiszakürt', '5471', 'JN'),
(1811, 'Tiszaug', '5473', 'JN'),
(1812, 'Tiszasas', '5474', 'JN'),
(1813, 'Csépa', '5475', 'JN'),
(1814, 'Szelevény', '5476', 'JN'),
(1815, 'Gyomaendrőd', '5500', 'BE'),
(1816, 'Gyomaendrőd', '5501', 'BE'),
(1817, 'Gyomaendrőd', '5502', 'BE'),
(1818, 'Dévaványa', '5510', 'BE'),
(1819, 'Ecsegfalva', '5515', 'BE'),
(1820, 'Körösladány', '5516', 'BE'),
(1821, 'Szeghalom', '5520', 'BE'),
(1822, 'Szeghalom', '5521', 'BE'),
(1823, 'Füzesgyarmat', '5525', 'BE'),
(1824, 'Kertészsziget', '5526', 'BE'),
(1825, 'Bucsa', '5527', 'BE'),
(1826, 'Vésztő', '5530', 'BE'),
(1827, 'Okány', '5534', 'BE'),
(1828, 'Körösújfalu', '5536', 'BE'),
(1829, 'Zsadány', '5537', 'BE'),
(1830, 'Biharugra', '5538', 'BE'),
(1831, 'Körösnagyharsány', '5539', 'BE'),
(1832, 'Szarvas', '5540', 'BE'),
(1833, 'Szarvas', '5541', 'BE'),
(1834, 'Csabacsűd', '5551', 'BE'),
(1835, 'Kardos', '5552', 'BE'),
(1836, 'Kondoros', '5553', 'BE'),
(1837, 'Hunya', '5555', 'BE'),
(1838, 'Örménykút', '5556', 'BE'),
(1839, 'Békésszentandrás', '5561', 'BE'),
(1840, 'Békéscsaba', '5600', 'BE'),
(1841, 'Békéscsaba', '5601', 'BE'),
(1842, 'Békéscsaba', '5602', 'BE'),
(1843, 'Békéscsaba', '5603', 'BE'),
(1844, 'Békéscsaba', '5604', 'BE'),
(1845, 'Békéscsaba', '5605', 'BE'),
(1846, 'Csabaszabadi', '5609', 'BE'),
(1847, 'Csárdaszállás', '5621', 'BE'),
(1848, 'Köröstarcsa', '5622', 'BE'),
(1849, 'Köröstarcsa', '5623', 'BE'),
(1850, 'Doboz', '5624', 'BE'),
(1851, 'Békés', '5630', 'BE'),
(1852, 'Békés', '5631', 'BE'),
(1853, 'Tarhos', '5641', 'BE'),
(1854, 'Bélmegyer', '5643', 'BE'),
(1855, 'Mezőberény', '5650', 'BE'),
(1856, 'Újkígyós', '5661', 'BE'),
(1857, 'Csanádapáca', '5662', 'BE'),
(1858, 'Medgyesbodzás', '5663', 'BE'),
(1859, 'Medgyesbodzás', '5664', 'BE'),
(1860, 'Pusztaottlaka', '5665', 'BE'),
(1861, 'Medgyesegyháza', '5666', 'BE'),
(1862, 'Magyarbánhegyes', '5667', 'BE'),
(1863, 'Nagybánhegyes', '5668', 'BE'),
(1864, 'Nagybánhegyes', '5671', 'BE'),
(1865, 'Murony', '5672', 'BE'),
(1866, 'Kamut', '5673', 'BE'),
(1867, 'Kétsoprony', '5674', 'BE'),
(1868, 'Telekgerendás', '5675', 'BE'),
(1869, 'Gyula', '5700', 'BE'),
(1870, 'Gyula', '5701', 'BE'),
(1871, 'Gyula', '5702', 'BE'),
(1872, 'Gyula', '5703', 'BE'),
(1873, 'Gyula', '5711', 'BE'),
(1874, 'Szabadkígyós', '5712', 'BE'),
(1875, 'Sarkad', '5720', 'BE'),
(1876, 'Sarkad', '5721', 'BE'),
(1877, 'Sarkad', '5722', 'BE'),
(1878, 'Kötegyán', '5725', 'BE'),
(1879, 'Méhkerék', '5726', 'BE'),
(1880, 'Újszalonta', '5727', 'BE'),
(1881, 'Sarkadkeresztúr', '5731', 'BE'),
(1882, 'Mezőgyán', '5732', 'BE'),
(1883, 'Geszt', '5734', 'BE'),
(1884, 'Kétegyháza', '5741', 'BE'),
(1885, 'Elek', '5742', 'BE'),
(1886, 'Lőkösháza', '5743', 'BE'),
(1887, 'Kevermes', '5744', 'BE'),
(1888, 'Dombiratos', '5745', 'BE'),
(1889, 'Kunágota', '5746', 'BE'),
(1890, 'Almáskamarás', '5747', 'BE'),
(1891, 'Nagykamarás', '5751', 'BE'),
(1892, 'Nagykamarás', '5752', 'BE'),
(1893, 'Mezőkovácsháza', '5800', 'BE'),
(1894, 'Mezőkovácsháza', '5801', 'BE'),
(1895, 'Mezőkovácsháza', '5802', 'BE'),
(1896, 'Végegyháza', '5811', 'BE'),
(1897, 'Mezőhegyes', '5820', 'BE'),
(1898, 'Battonya', '5830', 'BE'),
(1899, 'Dombegyház', '5836', 'BE'),
(1900, 'Kisdombegyház', '5837', 'BE'),
(1901, 'Magyardombegyház', '5838', 'BE'),
(1902, 'Orosháza', '5900', 'BE'),
(1903, 'Orosháza', '5901', 'BE'),
(1904, 'Orosháza', '5902', 'BE'),
(1905, 'Orosháza', '5903', 'BE'),
(1906, 'Orosháza', '5904', 'BE'),
(1907, 'Orosháza', '5905', 'BE'),
(1908, 'Pusztaföldvár', '5919', 'BE'),
(1909, 'Csorvás', '5920', 'BE'),
(1910, 'Gerendás', '5925', 'BE'),
(1911, 'Nagyszénás', '5931', 'BE'),
(1912, 'Gádoros', '5932', 'BE'),
(1913, 'Tótkomlós', '5940', 'BE'),
(1914, 'Kardoskút', '5945', 'BE'),
(1915, 'Békéssámson', '5946', 'BE'),
(1916, 'Kaszaper', '5948', 'BE'),
(1917, 'Kecskemét', '6000', 'BK'),
(1918, 'Kecskemét', '6001', 'BK'),
(1919, 'Kecskemét', '6002', 'BK'),
(1920, 'Kecskemét', '6003', 'BK'),
(1921, 'Kecskemét', '6004', 'BK'),
(1922, 'Kecskemét', '6005', 'BK'),
(1923, 'Kecskemét', '6006', 'BK'),
(1924, 'Kecskemét', '6007', 'BK'),
(1925, 'Kecskemét', '6008', 'BK'),
(1926, 'Kecskemét', '6010', 'BK'),
(1927, 'Szentkirály', '6031', 'BK'),
(1928, 'Nyárlőrinc', '6032', 'BK'),
(1929, 'Városföld', '6033', 'BK'),
(1930, 'Helvécia', '6034', 'BK'),
(1931, 'Ballószög', '6035', 'BK'),
(1932, 'Kerekegyháza', '6041', 'BK'),
(1933, 'Fülöpháza', '6042', 'BK'),
(1934, 'Kunbaracs', '6043', 'BK'),
(1935, 'Kunbaracs', '6044', 'BK'),
(1936, 'Ladánybene', '6045', 'BK'),
(1937, 'Lajosmizse', '6050', 'BK'),
(1938, 'Felsőlajos', '6055', 'BK'),
(1939, 'Tiszakécske', '6060', 'BK'),
(1940, 'Tiszakécske', '6061', 'BK'),
(1941, 'Tiszakécske', '6062', 'BK'),
(1942, 'Tiszakécske', '6063', 'BK'),
(1943, 'Tiszaug', '6064', 'BK'),
(1944, 'Lakitelek', '6065', 'BK'),
(1945, 'Tiszaalpár', '6066', 'BK'),
(1946, 'Tiszaalpár', '6067', 'BK'),
(1947, 'Izsák', '6070', 'BK'),
(1948, 'Páhi', '6075', 'BK'),
(1949, 'Ágasegyháza', '6076', 'BK'),
(1950, 'Orgovány', '6077', 'BK'),
(1951, 'Jakabszállás', '6078', 'BK'),
(1952, 'Szabadszállás', '6080', 'BK'),
(1953, 'Fülöpszállás', '6085', 'BK'),
(1954, 'Szalkszentmárton', '6086', 'BK'),
(1955, 'Dunavecse', '6087', 'BK'),
(1956, 'Apostag', '6088', 'BK'),
(1957, 'Kunszentmiklós', '6090', 'BK'),
(1958, 'Kunszentmiklós', '6093', 'BK'),
(1959, 'Kunpeszér', '6096', 'BK'),
(1960, 'Kunadacs', '6097', 'BK'),
(1961, 'Tass', '6098', 'BK'),
(1962, 'Kiskunfélegyháza', '6100', 'BK'),
(1963, 'Kiskunfélegyháza', '6101', 'BK'),
(1964, 'Kiskunfélegyháza', '6102', 'BK'),
(1965, 'Gátér', '6111', 'BK'),
(1966, 'Pálmonostora', '6112', 'BK'),
(1967, 'Petőfiszállás', '6113', 'BK'),
(1968, 'Bugac', '6114', 'BK'),
(1969, 'Bugacpusztaháza', '6114', 'BK'),
(1970, 'Kunszállás', '6115', 'BK'),
(1971, 'Fülöpjakab', '6116', 'BK'),
(1972, 'Kiskunmajsa', '6120', 'BK'),
(1973, 'Szank', '6131', 'BK'),
(1974, 'Móricgát', '6132', 'BK'),
(1975, 'Jászszentlászló', '6133', 'BK'),
(1976, 'Kömpöc', '6134', 'BK'),
(1977, 'Csólyospálos', '6135', 'BK'),
(1978, 'Harkakötöny', '6136', 'BK'),
(1979, 'Kiskőrös', '6200', 'BK'),
(1980, 'Kiskőrös', '6201', 'BK'),
(1981, 'Kaskantyú', '6211', 'BK'),
(1982, 'Akasztó', '6221', 'BK'),
(1983, 'Csengőd', '6222', 'BK'),
(1984, 'Soltszentimre', '6223', 'BK'),
(1985, 'Tabdi', '6224', 'BK'),
(1986, 'Soltvadkert', '6230', 'BK'),
(1987, 'Bócsa', '6235', 'BK'),
(1988, 'Tázlár', '6236', 'BK'),
(1989, 'Kecel', '6237', 'BK'),
(1990, 'Imrehegy', '6238', 'BK'),
(1991, 'Császártöltés', '6239', 'BK'),
(1992, 'Kalocsa', '6300', 'BK'),
(1993, 'Kalocsa', '6301', 'BK'),
(1994, 'Öregcsertő', '6311', 'BK'),
(1995, 'Solt', '6320', 'BK'),
(1996, 'Újsolt', '6321', 'BK'),
(1997, 'Dunaegyháza', '6323', 'BK'),
(1998, 'Dunatetétlen', '6325', 'BK'),
(1999, 'Harta', '6326', 'BK'),
(2000, 'Harta', '6327', 'BK'),
(2001, 'Dunapataj', '6328', 'BK'),
(2002, 'Foktő', '6331', 'BK'),
(2003, 'Uszód', '6332', 'BK'),
(2004, 'Dunaszentbenedek', '6333', 'BK'),
(2005, 'Géderlak', '6334', 'BK'),
(2006, 'Ordas', '6335', 'BK'),
(2007, 'Szakmár', '6336', 'BK'),
(2008, 'Újtelek', '6337', 'BK'),
(2009, 'Homokmégy', '6341', 'BK'),
(2010, 'Drágszél', '6342', 'BK'),
(2011, 'Miske', '6343', 'BK'),
(2012, 'Hajós', '6344', 'BK'),
(2013, 'Nemesnádudvar', '6345', 'BK'),
(2014, 'Sükösd', '6346', 'BK'),
(2015, 'Érsekcsanád', '6347', 'BK'),
(2016, 'Érsekhalma', '6348', 'BK'),
(2017, 'Bátya', '6351', 'BK'),
(2018, 'Fajsz', '6352', 'BK'),
(2019, 'Dusnok', '6353', 'BK'),
(2020, 'Kiskunhalas', '6400', 'BK'),
(2021, 'Kiskunhalas', '6401', 'BK'),
(2022, 'Kiskunhalas', '6402', 'BK'),
(2023, 'Zsana', '6411', 'BK'),
(2024, 'Balotaszállás', '6412', 'BK'),
(2025, 'Kunfehértó', '6413', 'BK'),
(2026, 'Pirtó', '6414', 'BK'),
(2027, 'Kisszállás', '6421', 'BK'),
(2028, 'Tompa', '6422', 'BK'),
(2029, 'Kelebia', '6423', 'BK'),
(2030, 'Csikéria', '6424', 'BK'),
(2031, 'Bácsszőlős', '6425', 'BK'),
(2032, 'Bácsalmás', '6430', 'BK'),
(2033, 'Kunbaja', '6435', 'BK'),
(2034, 'Jánoshalma', '6440', 'BK'),
(2035, 'Kéleshalom', '6444', 'BK'),
(2036, 'Borota', '6445', 'BK'),
(2037, 'Rém', '6446', 'BK'),
(2038, 'Felsőszentiván', '6447', 'BK'),
(2039, 'Csávoly', '6448', 'BK'),
(2040, 'Mélykút', '6449', 'BK'),
(2041, 'Tataháza', '6451', 'BK'),
(2042, 'Mátételke', '6452', 'BK'),
(2043, 'Bácsbokod', '6453', 'BK'),
(2044, 'Bácsborsód', '6454', 'BK'),
(2045, 'Katymár', '6455', 'BK'),
(2046, 'Madaras', '6456', 'BK'),
(2047, 'Baja', '6500', 'BK'),
(2048, 'Baja', '6501', 'BK'),
(2049, 'Baja', '6502', 'BK'),
(2050, 'Baja', '6503', 'BK'),
(2051, 'Bácsszentgyörgy', '6511', 'BK'),
(2052, 'Szeremle', '6512', 'BK'),
(2053, 'Dunafalva', '6513', 'BK'),
(2054, 'Vaskút', '6521', 'BK'),
(2055, 'Gara', '6522', 'BK'),
(2056, 'Csátalja', '6523', 'BK'),
(2057, 'Dávod', '6524', 'BK'),
(2058, 'Hercegszántó', '6525', 'BK'),
(2059, 'Nagybaracska', '6527', 'BK'),
(2060, 'Bátmonostor', '6528', 'BK'),
(2061, 'Szentes', '6600', 'CS'),
(2062, 'Szentes', '6601', 'CS'),
(2063, 'Szentes', '6602', 'CS'),
(2064, 'Szentes', '6603', 'CS'),
(2065, 'Nagytőke', '6612', 'CS'),
(2066, 'Derekegyház', '6621', 'CS'),
(2067, 'Nagymágocs', '6622', 'CS'),
(2068, 'Árpádhalom', '6623', 'CS'),
(2069, 'Eperjes', '6624', 'CS'),
(2070, 'Fábiánsebestyén', '6625', 'CS'),
(2071, 'Mindszent', '6630', 'CS'),
(2072, 'Szegvár', '6635', 'CS'),
(2073, 'Mártély', '6636', 'CS'),
(2074, 'Csongrád', '6640', 'CS'),
(2075, 'Csongrád', '6641', 'CS'),
(2076, 'Csongrád', '6642', 'CS'),
(2077, 'Felgyő', '6645', 'CS'),
(2078, 'Tömörkény', '6646', 'CS'),
(2079, 'Csanytelek', '6647', 'CS'),
(2080, 'Csanytelek', '6648', 'CS'),
(2081, 'Szeged', '6700', 'CS'),
(2082, 'Szeged', '6701', 'CS'),
(2083, 'Szeged', '6702', 'CS'),
(2084, 'Szeged', '6703', 'CS'),
(2085, 'Szeged', '6704', 'CS'),
(2086, 'Szeged', '6705', 'CS'),
(2087, 'Szeged', '6706', 'CS'),
(2088, 'Szeged', '6707', 'CS'),
(2089, 'Szeged', '6708', 'CS'),
(2090, 'Szeged', '6709', 'CS'),
(2091, 'Szeged', '6710', 'CS'),
(2092, 'Szeged', '6712', 'CS'),
(2093, 'Szeged', '6713', 'CS'),
(2094, 'Szeged', '6717', 'CS'),
(2095, 'Szeged', '6718', 'CS'),
(2096, 'Szeged', '6719', 'CS'),
(2097, 'Szeged', '6720', 'CS'),
(2098, 'Szeged', '6721', 'CS'),
(2099, 'Szeged', '6722', 'CS'),
(2100, 'Szeged', '6723', 'CS'),
(2101, 'Szeged', '6724', 'CS'),
(2102, 'Szeged', '6725', 'CS'),
(2103, 'Szeged', '6726', 'CS'),
(2104, 'Szeged', '6727', 'CS'),
(2105, 'Szeged', '6728', 'CS'),
(2106, 'Szeged', '6729', 'CS'),
(2107, 'Szeged', '6740', 'CS'),
(2108, 'Szeged', '6741', 'CS'),
(2109, 'Szeged', '6742', 'CS'),
(2110, 'Szeged', '6743', 'CS'),
(2111, 'Szeged', '6744', 'CS'),
(2112, 'Szeged', '6745', 'CS'),
(2113, 'Szeged', '6746', 'CS'),
(2114, 'Szeged', '6747', 'CS'),
(2115, 'Szeged', '6748', 'CS'),
(2116, 'Algyő', '6750', 'CS'),
(2117, 'Szeged', '6750', 'CS'),
(2118, 'Algyő', '6753', 'CS'),
(2119, 'Szeged', '6753', 'CS'),
(2120, 'Újszentiván', '6754', 'CS'),
(2121, 'Kübekháza', '6755', 'CS'),
(2122, 'Tiszasziget', '6756', 'CS'),
(2123, 'Tiszasziget', '6757', 'CS'),
(2124, 'Szeged', '6757', 'CS'),
(2125, 'Röszke', '6758', 'CS'),
(2126, 'Kistelek', '6760', 'CS'),
(2127, 'Sándorfalva', '6762', 'CS'),
(2128, 'Szatymaz', '6763', 'CS'),
(2129, 'Balástya', '6764', 'CS'),
(2130, 'Csengele', '6765', 'CS'),
(2131, 'Dóc', '6766', 'CS'),
(2132, 'Ópusztaszer', '6767', 'CS'),
(2133, 'Baks', '6768', 'CS'),
(2134, 'Pusztaszer', '6769', 'CS'),
(2135, 'Pusztaszer', '6771', 'CS'),
(2136, 'Szeged', '6771', 'CS'),
(2137, 'Deszk', '6772', 'CS'),
(2138, 'Klárafalva', '6773', 'CS'),
(2139, 'Ferencszállás', '6774', 'CS'),
(2140, 'Kiszombor', '6775', 'CS'),
(2141, 'Domaszék', '6781', 'CS'),
(2142, 'Mórahalom', '6782', 'CS'),
(2143, 'Ásotthalom', '6783', 'CS'),
(2144, 'Öttömös', '6784', 'CS'),
(2145, 'Pusztamérges', '6785', 'CS'),
(2146, 'Ruzsa', '6786', 'CS'),
(2147, 'Zákányszék', '6787', 'CS'),
(2148, 'Szeged', '6791', 'CS'),
(2149, 'Zákányszék', '6791', 'CS'),
(2150, 'Zsombó', '6792', 'CS'),
(2151, 'Forráskút', '6793', 'CS'),
(2152, 'Üllés', '6794', 'CS'),
(2153, 'Bordány', '6795', 'CS'),
(2154, 'Hódmezővásárhely', '6800', 'CS'),
(2155, 'Hódmezővásárhely', '6801', 'CS'),
(2156, 'Hódmezővásárhely', '6802', 'CS'),
(2157, 'Hódmezővásárhely', '6803', 'CS'),
(2158, 'Hódmezővásárhely', '6804', 'CS'),
(2159, 'Hódmezővásárhely', '6806', 'CS'),
(2160, 'Hódmezővásárhely', '6808', 'CS'),
(2161, 'Hódmezővásárhely', '6811', 'CS'),
(2162, 'Székkutas', '6821', 'CS'),
(2163, 'Makó', '6900', 'CS'),
(2164, 'Makó', '6901', 'CS'),
(2165, 'Makó', '6902', 'CS'),
(2166, 'Makó', '6903', 'CS'),
(2167, 'Királyhegyes', '6911', 'CS'),
(2168, 'Kövegy', '6912', 'CS'),
(2169, 'Csanádpalota', '6913', 'CS'),
(2170, 'Pitvaros', '6914', 'CS'),
(2171, 'Csanádalberti', '6915', 'CS'),
(2172, 'Ambrózfalva', '6916', 'CS'),
(2173, 'Nagyér', '6917', 'CS'),
(2174, 'Maroslele', '6921', 'CS'),
(2175, 'Földeák', '6922', 'CS'),
(2176, 'Óföldeák', '6923', 'CS'),
(2177, 'Apátfalva', '6931', 'CS'),
(2178, 'Magyarcsanád', '6932', 'CS'),
(2179, 'Nagylak', '6933', 'CS'),
(2180, 'Sárbogárd', '7000', 'FE'),
(2181, 'Sárbogárd', '7001', 'FE'),
(2182, 'Sárbogárd', '7002', 'FE'),
(2183, 'Sárbogárd', '7003', 'FE'),
(2184, 'Alap', '7011', 'FE'),
(2185, 'Alsószentiván', '7012', 'FE'),
(2186, 'Cece', '7013', 'FE'),
(2187, 'Sáregres', '7014', 'FE'),
(2188, 'Igar', '7015', 'FE'),
(2189, 'Igar', '7016', 'FE'),
(2190, 'Mezőszilas', '7017', 'FE'),
(2191, 'Mezőszilas', '7018', 'FE'),
(2192, 'Mezőszilas', '7019', 'FE'),
(2193, 'Dunaföldvár', '7020', 'TO'),
(2194, 'Dunaföldvár', '7021', 'TO'),
(2195, 'Bölcske', '7025', 'TO'),
(2196, 'Madocsa', '7026', 'TO'),
(2197, 'Madocsa', '7027', 'TO'),
(2198, 'Paks', '7030', 'TO'),
(2199, 'Paks', '7031', 'TO'),
(2200, 'Paks', '7032', 'TO'),
(2201, 'Pusztahencse', '7038', 'TO'),
(2202, 'Németkér', '7039', 'TO'),
(2203, 'Vajta', '7041', 'FE'),
(2204, 'Pálfa', '7042', 'TO'),
(2205, 'Bikács', '7043', 'TO'),
(2206, 'Nagydorog', '7044', 'TO'),
(2207, 'Györköny', '7045', 'TO'),
(2208, 'Sárszentlőrinc', '7047', 'TO'),
(2209, 'Kajdacs', '7051', 'TO'),
(2210, 'Kölesd', '7052', 'TO'),
(2211, 'Tengelic', '7054', 'TO'),
(2212, 'Szedres', '7056', 'TO'),
(2213, 'Medina', '7057', 'TO'),
(2214, 'Belecska', '7061', 'TO'),
(2215, 'Keszőhidegkút', '7062', 'TO'),
(2216, 'Szárazd', '7063', 'TO'),
(2217, 'Gyönk', '7064', 'TO'),
(2218, 'Miszla', '7065', 'TO'),
(2219, 'Udvari', '7066', 'TO'),
(2220, 'Varsád', '7067', 'TO'),
(2221, 'Kistormás', '7068', 'TO'),
(2222, 'Szakadát', '7071', 'TO'),
(2223, 'Diósberény', '7072', 'TO'),
(2224, 'Simontornya', '7081', 'TO'),
(2225, 'Kisszékely', '7082', 'TO'),
(2226, 'Tolnanémedi', '7083', 'TO'),
(2227, 'Pincehely', '7084', 'TO'),
(2228, 'Nagyszékely', '7085', 'TO'),
(2229, 'Ozora', '7086', 'TO'),
(2230, 'Fürged', '7087', 'TO'),
(2231, 'Tamási', '7090', 'TO'),
(2232, 'Tamási', '7091', 'TO'),
(2233, 'Nagykónyi', '7092', 'TO'),
(2234, 'Értény', '7093', 'TO'),
(2235, 'Koppányszántó', '7094', 'TO'),
(2236, 'Iregszemcse', '7095', 'TO'),
(2237, 'Újireg', '7095', 'TO'),
(2238, 'Nagyszokoly', '7097', 'TO'),
(2239, 'Magyarkeszi', '7098', 'TO'),
(2240, 'Felsőnyék', '7099', 'TO'),
(2241, 'Szekszárd', '7100', 'TO'),
(2242, 'Szekszárd', '7101', 'TO'),
(2243, 'Szekszárd', '7102', 'TO'),
(2244, 'Szekszárd', '7103', 'TO'),
(2245, 'Szálka', '7121', 'TO'),
(2246, 'Kakasd', '7122', 'TO'),
(2247, 'Tolna', '7130', 'TO'),
(2248, 'Tolna', '7131', 'TO'),
(2249, 'Bogyiszló', '7132', 'TO'),
(2250, 'Fadd', '7133', 'TO'),
(2251, 'Gerjen', '7134', 'TO'),
(2252, 'Dunaszentgyörgy', '7135', 'TO'),
(2253, 'Fácánkert', '7136', 'TO'),
(2254, 'Bátaszék', '7140', 'TO'),
(2255, 'Pörböly', '7142', 'TO'),
(2256, 'Őcsény', '7143', 'TO'),
(2257, 'Decs', '7144', 'TO'),
(2258, 'Sárpilis', '7145', 'TO'),
(2259, 'Várdomb', '7146', 'TO'),
(2260, 'Alsónána', '7147', 'TO'),
(2261, 'Alsónyék', '7148', 'TO'),
(2262, 'Báta', '7149', 'TO'),
(2263, 'Bonyhád', '7150', 'TO'),
(2264, 'Bonyhád', '7151', 'TO'),
(2265, 'Bonyhád', '7153', 'TO'),
(2266, 'Bonyhádvarasd', '7158', 'TO'),
(2267, 'Kisdorog', '7159', 'TO'),
(2268, 'Cikó', '7161', 'TO'),
(2269, 'Grábóc', '7162', 'TO'),
(2270, 'Mőcsény', '7163', 'TO'),
(2271, 'Bátaapáti', '7164', 'TO'),
(2272, 'Mórágy', '7165', 'TO'),
(2273, 'Sióagárd', '7171', 'TO'),
(2274, 'Harc', '7172', 'TO'),
(2275, 'Zomba', '7173', 'TO'),
(2276, 'Kéty', '7174', 'TO'),
(2277, 'Felsőnána', '7175', 'TO'),
(2278, 'Murga', '7176', 'TO'),
(2279, 'Tevel', '7181', 'TO'),
(2280, 'Závod', '7182', 'TO'),
(2281, 'Kisvejke', '7183', 'TO'),
(2282, 'Lengyel', '7184', 'BA'),
(2283, 'Szárász', '7184', 'TO'),
(2284, 'Mucsfa', '7185', 'TO'),
(2285, 'Aparhant', '7186', 'TO'),
(2286, 'Nagyvejke', '7186', 'TO'),
(2287, 'Nagyvejke', '7187', 'TO'),
(2288, 'Szárász', '7188', 'BA'),
(2289, 'Hőgyész', '7191', 'TO'),
(2290, 'Szakály', '7192', 'TO'),
(2291, 'Regöly', '7193', 'TO'),
(2292, 'Kalaznó', '7194', 'TO'),
(2293, 'Mucsi', '7195', 'TO'),
(2294, 'Dombóvár', '7200', 'TO'),
(2295, 'Dombóvár', '7201', 'TO'),
(2296, 'Dombóvár', '7202', 'TO'),
(2297, 'Dombóvár', '7203', 'TO'),
(2298, 'Dalmand', '7211', 'TO'),
(2299, 'Kocsola', '7212', 'TO'),
(2300, 'Szakcs', '7213', 'TO'),
(2301, 'Várong', '7214', 'TO'),
(2302, 'Lápafő', '7214', 'TO'),
(2303, 'Nak', '7215', 'TO'),
(2304, 'Dúzs', '7224', 'TO'),
(2305, 'Csibrák', '7225', 'TO'),
(2306, 'Kurd', '7226', 'TO'),
(2307, 'Gyulaj', '7227', 'TO'),
(2308, 'Döbrököz', '7228', 'TO'),
(2309, 'Kapospula', '7251', 'TO'),
(2310, 'Attala', '7252', 'TO'),
(2311, 'Csoma', '7253', 'SO'),
(2312, 'Szabadi', '7253', 'SO'),
(2313, 'Nagyberki', '7255', 'SO'),
(2314, 'Kercseliget', '7256', 'SO'),
(2315, 'Mosdós', '7257', 'SO'),
(2316, 'Kaposkeresztúr', '7258', 'SO'),
(2317, 'Baté', '7258', 'SO'),
(2318, 'Kaposhomok', '7261', 'SO'),
(2319, 'Taszár', '7261', 'SO'),
(2320, 'Fonó', '7271', 'SO'),
(2321, 'Gölle', '7272', 'SO'),
(2322, 'Büssü', '7273', 'SO'),
(2323, 'Kazsok', '7274', 'SO'),
(2324, 'Igal', '7275', 'SO'),
(2325, 'Somogyszil', '7276', 'SO'),
(2326, 'Gadács', '7276', 'SO'),
(2327, 'Kisgyalán', '7279', 'SO'),
(2328, 'Bonnya', '7281', 'SO'),
(2329, 'Kisbárapáti', '7282', 'SO'),
(2330, 'Fiad', '7282', 'SO'),
(2331, 'Somogyacsa', '7283', 'SO'),
(2332, 'Somogydöröcske', '7284', 'SO'),
(2333, 'Kára', '7285', 'SO'),
(2334, 'Szorosad', '7285', 'SO'),
(2335, 'Törökkoppány', '7285', 'SO'),
(2336, 'Miklósi', '7286', 'SO'),
(2337, 'Mecsekpölöske', '7300', 'BA'),
(2338, 'Komló', '7300', 'BA'),
(2339, 'Mecsekpölöske', '7301', 'BA'),
(2340, 'Mecsekpölöske', '7302', 'BA'),
(2341, 'Mecsekpölöske', '7303', 'BA'),
(2342, 'Mánfa', '7304', 'BA'),
(2343, 'Mánfa', '7305', 'BA'),
(2344, 'Mánfa', '7306', 'BA'),
(2345, 'Mánfa', '7309', 'BA'),
(2346, 'Liget', '7331', 'BA'),
(2347, 'Magyaregregy', '7332', 'BA'),
(2348, 'Kárász', '7333', 'BA'),
(2349, 'Vékény', '7333', 'BA'),
(2350, 'Köblény', '7334', 'BA'),
(2351, 'Szalatnak', '7334', 'BA'),
(2352, 'Csikóstőttős', '7341', 'TO'),
(2353, 'Mágocs', '7342', 'BA'),
(2354, 'Nagyhajmás', '7343', 'BA'),
(2355, 'Mekényes', '7344', 'BA'),
(2356, 'Alsómocsolád', '7345', 'BA'),
(2357, 'Bikal', '7346', 'BA'),
(2358, 'Egyházaskozár', '7347', 'BA'),
(2359, 'Tófű', '7348', 'BA'),
(2360, 'Hegyhátmaróc', '7348', 'BA'),
(2361, 'Szászvár', '7349', 'BA'),
(2362, 'Máza', '7351', 'BA'),
(2363, 'Györe', '7352', 'TO'),
(2364, 'Izmény', '7353', 'TO'),
(2365, 'Váralja', '7354', 'TO'),
(2366, 'Nagymányok', '7355', 'TO'),
(2367, 'Kismányok', '7356', 'TO'),
(2368, 'Jágónak', '7357', 'TO'),
(2369, 'Kaposszekcső', '7361', 'TO'),
(2370, 'Gerényes', '7362', 'BA'),
(2371, 'Vásárosdombó', '7362', 'BA'),
(2372, 'Tarrós', '7362', 'TO'),
(2373, 'Jágónak', '7362', 'TO'),
(2374, 'Felsőegerszeg', '7370', 'BA'),
(2375, 'Oroszló', '7370', 'BA'),
(2376, 'Palé', '7370', 'BA'),
(2377, 'Sásd', '7370', 'BA'),
(2378, 'Varga', '7370', 'BA'),
(2379, 'Vázsnok', '7370', 'BA'),
(2380, 'Meződ', '7370', 'BA'),
(2381, 'Ág', '7381', 'BA'),
(2382, 'Kisvaszar', '7381', 'BA'),
(2383, 'Tékes', '7381', 'BA'),
(2384, 'Baranyaszentgyörgy', '7383', 'BA'),
(2385, 'Tormás', '7383', 'BA'),
(2386, 'Szágy', '7383', 'BA'),
(2387, 'Baranyajenő', '7384', 'BA'),
(2388, 'Gödre', '7385', 'BA'),
(2389, 'Gödre', '7386', 'BA'),
(2390, 'Kisbeszterce', '7391', 'BA'),
(2391, 'Kishajmás', '7391', 'BA'),
(2392, 'Mindszentgodisa', '7391', 'BA'),
(2393, 'Bakóca', '7393', 'BA'),
(2394, 'Magyarhertelend', '7394', 'BA'),
(2395, 'Bodolyabér', '7394', 'BA'),
(2396, 'Magyarszék', '7396', 'BA'),
(2397, 'Kaposvár', '7400', 'SO'),
(2398, 'Orci', '7400', 'SO'),
(2399, 'Zselickislak', '7400', 'SO'),
(2400, 'Zselickislak', '7401', 'SO'),
(2401, 'Zselickislak', '7402', 'SO'),
(2402, 'Zselickislak', '7403', 'SO'),
(2403, 'Zselickislak', '7404', 'SO'),
(2404, 'Zselickislak', '7405', 'SO'),
(2405, 'Zselickislak', '7406', 'SO'),
(2406, 'Zselickislak', '7407', 'SO'),
(2407, 'Zselickislak', '7408', 'SO'),
(2408, 'Zselickislak', '7409', 'SO'),
(2409, 'Juta', '7431', 'SO'),
(2410, 'Csombárd', '7432', 'SO'),
(2411, 'Hetes', '7432', 'SO'),
(2412, 'Mezőcsokonya', '7434', 'SO'),
(2413, 'Somogysárd', '7435', 'SO'),
(2414, 'Újvárfalva', '7436', 'SO'),
(2415, 'Bodrog', '7439', 'SO'),
(2416, 'Magyaregres', '7441', 'SO'),
(2417, 'Várda', '7442', 'SO'),
(2418, 'Alsóbogát', '7443', 'SO'),
(2419, 'Somogyjád', '7443', 'SO'),
(2420, 'Edde', '7443', 'SO'),
(2421, 'Osztopán', '7444', 'SO'),
(2422, 'Somogyaszaló', '7452', 'SO'),
(2423, 'Mernye', '7453', 'SO'),
(2424, 'Somodor', '7454', 'SO'),
(2425, 'Somogygeszti', '7455', 'SO'),
(2426, 'Felsőmocsolád', '7456', 'SO'),
(2427, 'Ecseny', '7457', 'SO'),
(2428, 'Polány', '7458', 'SO'),
(2429, 'Magyaratád', '7463', 'SO'),
(2430, 'Patalom', '7463', 'SO'),
(2431, 'Ráksi', '7464', 'SO'),
(2432, 'Szentgáloskér', '7465', 'SO'),
(2433, 'Zimány', '7471', 'SO'),
(2434, 'Cserénfa', '7472', 'SO'),
(2435, 'Szentbalázs', '7472', 'SO'),
(2436, 'Gálosfa', '7473', 'SO'),
(2437, 'Kaposgyarmat', '7473', 'SO'),
(2438, 'Hajmás', '7473', 'SO'),
(2439, 'Zselicszentpál', '7474', 'SO'),
(2440, 'Simonfa', '7474', 'SO'),
(2441, 'Bőszénfa', '7475', 'SO'),
(2442, 'Kaposszerdahely', '7476', 'SO'),
(2443, 'Patca', '7477', 'SO'),
(2444, 'Szenna', '7477', 'SO'),
(2445, 'Zselickisfalud', '7477', 'SO'),
(2446, 'Szilvásszentmárton', '7477', 'SO'),
(2447, 'Bárdudvarnok', '7478', 'SO'),
(2448, 'Sántos', '7479', 'SO'),
(2449, 'Nagyatád', '7500', 'SO'),
(2450, 'Nagyatád', '7501', 'SO'),
(2451, 'Ötvöskónyi', '7511', 'SO'),
(2452, 'Mike', '7512', 'SO'),
(2453, 'Rinyaszentkirály', '7513', 'SO'),
(2454, 'Tarany', '7514', 'SO'),
(2455, 'Somogyudvarhely', '7515', 'SO'),
(2456, 'Berzence', '7516', 'SO'),
(2457, 'Bolhás', '7517', 'SO'),
(2458, 'Kaposmérő', '7521', 'SO'),
(2459, 'Kaposújlak', '7522', 'SO'),
(2460, 'Kisasszond', '7523', 'SO'),
(2461, 'Kaposfő', '7523', 'SO'),
(2462, 'Kiskorpád', '7524', 'SO'),
(2463, 'Jákó', '7525', 'SO'),
(2464, 'Csököly', '7526', 'SO'),
(2465, 'Rinyakovácsi', '7527', 'SO'),
(2466, 'Gige', '7527', 'SO'),
(2467, 'Kőkút', '7530', 'SO'),
(2468, 'Kadarkút', '7530', 'SO'),
(2469, 'Hencse', '7532', 'SO'),
(2470, 'Visnye', '7533', 'SO'),
(2471, 'Hedrehely', '7533', 'SO'),
(2472, 'Lad', '7535', 'SO'),
(2473, 'Patosfa', '7536', 'SO'),
(2474, 'Homokszentgyörgy', '7537', 'SO'),
(2475, 'Kálmáncsa', '7538', 'SO'),
(2476, 'Szulok', '7539', 'SO'),
(2477, 'Kutas', '7541', 'SO'),
(2478, 'Kisbajom', '7542', 'SO'),
(2479, 'Beleg', '7543', 'SO'),
(2480, 'Szabás', '7544', 'SO'),
(2481, 'Nagykorpád', '7545', 'SO'),
(2482, 'Lábod', '7551', 'SO'),
(2483, 'Rinyabesenyő', '7552', 'SO'),
(2484, 'Görgeteg', '7553', 'SO'),
(2485, 'Csokonyavisonta', '7555', 'SO'),
(2486, 'Rinyaújlak', '7556', 'SO'),
(2487, 'Rinyaújlak', '7557', 'SO'),
(2488, 'Nagybajom', '7561', 'SO'),
(2489, 'Pálmajor', '7561', 'SO'),
(2490, 'Segesd', '7562', 'SO'),
(2491, 'Somogyszob', '7563', 'SO'),
(2492, 'Kaszó', '7564', 'SO'),
(2493, 'Barcs', '7570', 'SO'),
(2494, 'Barcs', '7571', 'SO'),
(2495, 'Komlósd', '7582', 'SO'),
(2496, 'Péterhida', '7582', 'SO'),
(2497, 'Babócsa', '7584', 'SO'),
(2498, 'Rinyaújnép', '7584', 'SO'),
(2499, 'Somogyaracs', '7584', 'SO'),
(2500, 'Háromfa', '7585', 'SO'),
(2501, 'Bakháza', '7585', 'SO'),
(2502, 'Bolhó', '7586', 'SO'),
(2503, 'Heresznye', '7587', 'SO'),
(2504, 'Vízvár', '7588', 'SO'),
(2505, 'Bélavár', '7589', 'SO'),
(2506, 'Pécs', '7600', 'BA'),
(2507, 'Pécs', '7601', 'BA'),
(2508, 'Pécs', '7602', 'BA'),
(2509, 'Pécs', '7603', 'BA'),
(2510, 'Pécs', '7604', 'BA'),
(2511, 'Pécs', '7605', 'BA'),
(2512, 'Pécs', '7606', 'BA'),
(2513, 'Pécs', '7607', 'BA'),
(2514, 'Pécs', '7608', 'BA'),
(2515, 'Pécs', '7610', 'BA'),
(2516, 'Pécs', '7611', 'BA'),
(2517, 'Pécs', '7612', 'BA'),
(2518, 'Pécs', '7613', 'BA'),
(2519, 'Pécs', '7614', 'BA'),
(2520, 'Pécs', '7615', 'BA'),
(2521, 'Pécs', '7616', 'BA'),
(2522, 'Pécs', '7617', 'BA'),
(2523, 'Pécs', '7618', 'BA'),
(2524, 'Pécs', '7619', 'BA'),
(2525, 'Pécs', '7621', 'BA'),
(2526, 'Pécs', '7622', 'BA'),
(2527, 'Pécs', '7623', 'BA'),
(2528, 'Pécs', '7624', 'BA'),
(2529, 'Pécs', '7625', 'BA'),
(2530, 'Pécs', '7626', 'BA'),
(2531, 'Pécs', '7627', 'BA'),
(2532, 'Pécs', '7628', 'BA'),
(2533, 'Pécs', '7629', 'BA'),
(2534, 'Pécs', '7630', 'BA'),
(2535, 'Pécs', '7631', 'BA'),
(2536, 'Pécs', '7632', 'BA'),
(2537, 'Pécs', '7633', 'BA'),
(2538, 'Pécs', '7634', 'BA'),
(2539, 'Pécs', '7635', 'BA'),
(2540, 'Pécs', '7636', 'BA'),
(2541, 'Pécs', '7639', 'BA'),
(2542, 'Pécs', '7643', 'BA'),
(2543, 'Pécs', '7644', 'BA'),
(2544, 'Pécs', '7645', 'BA'),
(2545, 'Pécs', '7646', 'BA'),
(2546, 'Pécs', '7647', 'BA'),
(2547, 'Pécs', '7648', 'BA'),
(2548, 'Pécs', '7650', 'BA'),
(2549, 'Erzsébet', '7661', 'BA'),
(2550, 'Kékesd', '7661', 'BA'),
(2551, 'Kátoly', '7661', 'BA'),
(2552, 'Szellő', '7661', 'BA'),
(2553, 'Máriakéménd', '7663', 'BA'),
(2554, 'Berkesd', '7664', 'BA'),
(2555, 'Szilágy', '7664', 'BA'),
(2556, 'Pereked', '7664', 'BA'),
(2557, 'Pogány', '7666', 'BA'),
(2558, 'Gyód', '7668', 'BA'),
(2559, 'Keszü', '7668', 'BA'),
(2560, 'Kökény', '7668', 'BA'),
(2561, 'Bicsérd', '7671', 'BA'),
(2562, 'Zók', '7671', 'BA'),
(2563, 'Aranyosgadány', '7671', 'BA'),
(2564, 'Boda', '7672', 'BA'),
(2565, 'Kővágószőlős', '7673', 'BA'),
(2566, 'Cserkút', '7673', 'BA'),
(2567, 'Kővágótöttös', '7675', 'BA'),
(2568, 'Bakonya', '7675', 'BA'),
(2569, 'Orfű', '7677', 'BA'),
(2570, 'Abaliget', '7678', 'BA'),
(2571, 'Kovácsszénája', '7678', 'BA'),
(2572, 'Husztót', '7678', 'BA'),
(2573, 'Okorvölgy', '7681', 'BA'),
(2574, 'Hetvehely', '7681', 'BA'),
(2575, 'Szentkatalin', '7681', 'BA'),
(2576, 'Bükkösd', '7682', 'BA'),
(2577, 'Helesfa', '7683', 'BA'),
(2578, 'Dinnyeberki', '7683', 'BA'),
(2579, 'Cserdi', '7683', 'BA'),
(2580, 'Pécs', '7691', 'BA'),
(2581, 'Dinnyeberki', '7691', 'BA'),
(2582, 'Pécs', '7693', 'BA'),
(2583, 'Dinnyeberki', '7693', 'BA'),
(2584, 'Hosszúhetény', '7694', 'BA'),
(2585, 'Ófalu', '7695', 'BA'),
(2586, 'Mecseknádasd', '7695', 'BA'),
(2587, 'Óbánya', '7695', 'BA'),
(2588, 'Hidas', '7696', 'BA'),
(2589, 'Mohács', '7700', 'BA'),
(2590, 'Mohács', '7701', 'BA'),
(2591, 'Mohács', '7702', 'BA'),
(2592, 'Bár', '7711', 'BA'),
(2593, 'Dunaszekcső', '7712', 'BA'),
(2594, 'Dunaszekcső', '7714', 'BA'),
(2595, 'Dunaszekcső', '7715', 'BA'),
(2596, 'Homorúd', '7716', 'BA'),
(2597, 'Kölked', '7717', 'BA'),
(2598, 'Udvar', '7718', 'BA'),
(2599, 'Apátvarasd', '7720', 'BA'),
(2600, 'Martonfa', '7720', 'BA'),
(2601, 'Lovászhetény', '7720', 'BA'),
(2602, 'Zengővárkony', '7720', 'BA'),
(2603, 'Pécsvárad', '7720', 'BA'),
(2604, 'Erdősmecske', '7723', 'BA'),
(2605, 'Feked', '7724', 'BA'),
(2606, 'Szebény', '7725', 'BA'),
(2607, 'Véménd', '7726', 'BA'),
(2608, 'Palotabozsok', '7727', 'BA'),
(2609, 'Görcsönydoboka', '7728', 'BA'),
(2610, 'Somberek', '7728', 'BA'),
(2611, 'Nagypall', '7731', 'BA'),
(2612, 'Fazekasboda', '7732', 'BA'),
(2613, 'Maráza', '7733', 'BA'),
(2614, 'Geresdlak', '7733', 'BA'),
(2615, 'Szűr', '7735', 'BA'),
(2616, 'Erdősmárok', '7735', 'BA'),
(2617, 'Himesháza', '7735', 'BA'),
(2618, 'Székelyszabar', '7737', 'BA'),
(2619, 'Bogád', '7741', 'BA'),
(2620, 'Nagykozár', '7741', 'BA'),
(2621, 'Romonya', '7741', 'BA'),
(2622, 'Bogád', '7742', 'BA'),
(2623, 'Romonya', '7743', 'BA'),
(2624, 'Ellend', '7744', 'BA'),
(2625, 'Olasz', '7745', 'BA'),
(2626, 'Hásságy', '7745', 'BA'),
(2627, 'Belvárdgyula', '7747', 'BA'),
(2628, 'Birján', '7747', 'BA'),
(2629, 'Szederkény', '7751', 'BA'),
(2630, 'Monyoród', '7751', 'BA'),
(2631, 'Versend', '7752', 'BA'),
(2632, 'Szajk', '7753', 'BA'),
(2633, 'Bóly', '7754', 'BA'),
(2634, 'Töttös', '7755', 'BA'),
(2635, 'Borjád', '7756', 'BA'),
(2636, 'Pócsa', '7756', 'BA'),
(2637, 'Kisbudmér', '7756', 'BA'),
(2638, 'Nagybudmér', '7756', 'BA'),
(2639, 'Babarc', '7757', 'BA'),
(2640, 'Liptód', '7757', 'BA'),
(2641, 'Lánycsók', '7759', 'BA'),
(2642, 'Kisnyárád', '7759', 'BA'),
(2643, 'Lothárd', '7761', 'BA'),
(2644, 'Kozármisleny', '7761', 'BA'),
(2645, 'Magyarsarlós', '7761', 'BA'),
(2646, 'Pécsudvard', '7762', 'BA'),
(2647, 'Áta', '7763', 'BA'),
(2648, 'Szemely', '7763', 'BA'),
(2649, 'Egerág', '7763', 'BA'),
(2650, 'Szőkéd', '7763', 'BA'),
(2651, 'Kisherend', '7763', 'BA'),
(2652, 'Pécsdevecser', '7766', 'BA'),
(2653, 'Újpetre', '7766', 'BA'),
(2654, 'Peterd', '7766', 'BA'),
(2655, 'Kiskassa', '7766', 'BA'),
(2656, 'Kistótfalu', '7768', 'BA'),
(2657, 'Vokány', '7768', 'BA'),
(2658, 'Palkonya', '7771', 'BA'),
(2659, 'Ivánbattyán', '7772', 'BA'),
(2660, 'Villánykövesd', '7772', 'BA'),
(2661, 'Villány', '7773', 'BA'),
(2662, 'Kisjakabfalva', '7773', 'BA'),
(2663, 'Márok', '7774', 'BA'),
(2664, 'Illocska', '7775', 'BA'),
(2665, 'Magyarbóly', '7775', 'BA'),
(2666, 'Kislippó', '7775', 'BA'),
(2667, 'Lapáncsa', '7775', 'BA'),
(2668, 'Ivándárda', '7781', 'BA'),
(2669, 'Lippó', '7781', 'BA'),
(2670, 'Sárok', '7781', 'BA'),
(2671, 'Bezedek', '7782', 'BA'),
(2672, 'Majs', '7783', 'BA'),
(2673, 'Nagynyárád', '7784', 'BA'),
(2674, 'Sátorhely', '7785', 'BA'),
(2675, 'Kisharsány', '7800', 'BA'),
(2676, 'Siklós', '7800', 'BA'),
(2677, 'Nagytótfalu', '7800', 'BA'),
(2678, 'Nagytótfalu', '7801', 'BA'),
(2679, 'Nagytótfalu', '7802', 'BA'),
(2680, 'Bisse', '7811', 'BA'),
(2681, 'Szalánta', '7811', 'BA'),
(2682, 'Bosta', '7811', 'BA'),
(2683, 'Szilvás', '7811', 'BA'),
(2684, 'Csarnóta', '7811', 'BA'),
(2685, 'Túrony', '7811', 'BA'),
(2686, 'Garé', '7812', 'BA'),
(2687, 'Szava', '7813', 'BA'),
(2688, 'Babarcszőlős', '7814', 'BA'),
(2689, 'Ócsárd', '7814', 'BA'),
(2690, 'Kisdér', '7814', 'BA'),
(2691, 'Siklósbodony', '7814', 'BA'),
(2692, 'Harkány', '7815', 'BA'),
(2693, 'Rádfalva', '7817', 'BA'),
(2694, 'Diósviszló', '7817', 'BA'),
(2695, 'Márfa', '7817', 'BA'),
(2696, 'Nagyharsány', '7822', 'BA'),
(2697, 'Kistapolca', '7823', 'BA'),
(2698, 'Siklósnagyfalu', '7823', 'BA'),
(2699, 'Egyházasharaszti', '7824', 'BA'),
(2700, 'Old', '7824', 'BA'),
(2701, 'Alsószentmárton', '7826', 'BA'),
(2702, 'Kásád', '7827', 'BA'),
(2703, 'Beremend', '7827', 'BA'),
(2704, 'Pellérd', '7831', 'BA'),
(2705, 'Görcsöny', '7833', 'BA'),
(2706, 'Szőke', '7833', 'BA'),
(2707, 'Regenye', '7833', 'BA'),
(2708, 'Baksa', '7834', 'BA'),
(2709, 'Tengeri', '7834', 'BA'),
(2710, 'Téseny', '7834', 'BA'),
(2711, 'Bogádmindszent', '7836', 'BA'),
(2712, 'Ózdfalu', '7836', 'BA'),
(2713, 'Hegyszentmárton', '7837', 'BA'),
(2714, 'Nagycsány', '7838', 'BA'),
(2715, 'Hirics', '7838', 'BA'),
(2716, 'Piskó', '7838', 'BA'),
(2717, 'Besence', '7838', 'BA'),
(2718, 'Vajszló', '7838', 'BA'),
(2719, 'Lúzsok', '7838', 'BA'),
(2720, 'Páprád', '7838', 'BA'),
(2721, 'Vejti', '7838', 'BA'),
(2722, 'Kemse', '7839', 'BA'),
(2723, 'Zaláta', '7839', 'BA'),
(2724, 'Baranyahídvég', '7841', 'BA'),
(2725, 'Sámod', '7841', 'BA'),
(2726, 'Adorjás', '7841', 'BA'),
(2727, 'Kisszentmárton', '7841', 'BA'),
(2728, 'Kórós', '7841', 'BA'),
(2729, 'Cún', '7843', 'BA'),
(2730, 'Kémes', '7843', 'BA'),
(2731, 'Drávapiski', '7843', 'BA'),
(2732, 'Tésenfa', '7843', 'BA'),
(2733, 'Szaporca', '7843', 'BA'),
(2734, 'Drávacsepely', '7846', 'BA'),
(2735, 'Kovácshida', '7847', 'BA'),
(2736, 'Drávaszerdahely', '7847', 'BA'),
(2737, 'Ipacsfa', '7847', 'BA'),
(2738, 'Drávacsehi', '7849', 'BA'),
(2739, 'Drávapalkonya', '7850', 'BA'),
(2740, 'Drávapalkonya', '7851', 'BA'),
(2741, 'Drávacsehi', '7851', 'BA'),
(2742, 'Drávaszabolcs', '7851', 'BA'),
(2743, 'Gordisa', '7853', 'BA'),
(2744, 'Matty', '7854', 'BA'),
(2745, 'Botykapeterd', '7900', 'BA'),
(2746, 'Szigetvár', '7900', 'BA'),
(2747, 'Csertő', '7900', 'BA'),
(2748, 'Csertő', '7901', 'BA'),
(2749, 'Nyugotszenterzsébet', '7912', 'BA'),
(2750, 'Nagyváty', '7912', 'BA'),
(2751, 'Nagypeterd', '7912', 'BA'),
(2752, 'Szentdénes', '7913', 'BA'),
(2753, 'Katádfa', '7914', 'BA'),
(2754, 'Rózsafa', '7914', 'BA'),
(2755, 'Bánfa', '7914', 'BA'),
(2756, 'Szentegát', '7915', 'BA'),
(2757, 'Dencsháza', '7915', 'BA'),
(2758, 'Tótújfalu', '7918', 'SO'),
(2759, 'Szentborbás', '7918', 'SO'),
(2760, 'Lakócsa', '7918', 'SO'),
(2761, 'Somogyhatvan', '7921', 'BA'),
(2762, 'Basal', '7922', 'BA'),
(2763, 'Somogyapáti', '7922', 'BA'),
(2764, 'Somogyviszló', '7922', 'BA'),
(2765, 'Patapoklosi', '7922', 'BA'),
(2766, 'Basal', '7923', 'BA'),
(2767, 'Somogyviszló', '7924', 'BA'),
(2768, 'Magyarlukafa', '7925', 'BA'),
(2769, 'Somogyhárságy', '7925', 'BA'),
(2770, 'Vásárosbéc', '7926', 'BA'),
(2771, 'Almáskeresztúr', '7932', 'BA'),
(2772, 'Szulimán', '7932', 'BA'),
(2773, 'Mozsgó', '7932', 'BA'),
(2774, 'Almamellék', '7934', 'BA'),
(2775, 'Horváthertelend', '7935', 'BA'),
(2776, 'Csebény', '7935', 'BA'),
(2777, 'Ibafa', '7935', 'BA'),
(2778, 'Szentlászló', '7936', 'BA'),
(2779, 'Boldogasszonyfa', '7937', 'BA'),
(2780, 'Szentlőrinc', '7940', 'BA'),
(2781, 'Csonkamindszent', '7940', 'BA'),
(2782, 'Kacsóta', '7940', 'BA'),
(2783, 'Gerde', '7951', 'BA'),
(2784, 'Pécsbagota', '7951', 'BA'),
(2785, 'Szabadszentkirály', '7951', 'BA'),
(2786, 'Velény', '7951', 'BA'),
(2787, 'Királyegyháza', '7953', 'BA'),
(2788, 'Gilvánfa', '7954', 'BA'),
(2789, 'Magyartelek', '7954', 'BA'),
(2790, 'Gyöngyfa', '7954', 'BA'),
(2791, 'Kisasszonyfa', '7954', 'BA'),
(2792, 'Magyarmecske', '7954', 'BA'),
(2793, 'Okorág', '7957', 'BA'),
(2794, 'Kákics', '7958', 'BA'),
(2795, 'Marócsa', '7960', 'BA'),
(2796, 'Drávaiványi', '7960', 'BA'),
(2797, 'Sellye', '7960', 'BA'),
(2798, 'Drávasztára', '7960', 'BA'),
(2799, 'Sósvertike', '7960', 'BA'),
(2800, 'Sumony', '7960', 'BA'),
(2801, 'Csányoszró', '7964', 'BA'),
(2802, 'Bogdása', '7966', 'BA'),
(2803, 'Markóc', '7967', 'BA'),
(2804, 'Drávafok', '7967', 'BA'),
(2805, 'Drávakeresztúr', '7967', 'BA'),
(2806, 'Felsőszentmárton', '7968', 'BA'),
(2807, 'Hobol', '7971', 'BA'),
(2808, 'Gyöngyösmellék', '7972', 'BA'),
(2809, 'Pettend', '7972', 'BA'),
(2810, 'Bürüs', '7973', 'BA'),
(2811, 'Teklafalu', '7973', 'BA'),
(2812, 'Endrőc', '7973', 'BA'),
(2813, 'Várad', '7973', 'BA'),
(2814, 'Kétújfalu', '7975', 'BA'),
(2815, 'Zádor', '7976', 'BA'),
(2816, 'Szörény', '7976', 'BA'),
(2817, 'Drávagárdony', '7977', 'SO'),
(2818, 'Potony', '7977', 'SO'),
(2819, 'Kastélyosdombó', '7977', 'SO'),
(2820, 'Drávatamási', '7979', 'SO'),
(2821, 'Pettend', '7980', 'BA'),
(2822, 'Kistamási', '7981', 'BA'),
(2823, 'Merenye', '7981', 'BA'),
(2824, 'Tótszentgyörgy', '7981', 'BA'),
(2825, 'Molvány', '7981', 'BA'),
(2826, 'Nemeske', '7981', 'BA'),
(2827, 'Kisdobsza', '7985', 'BA'),
(2828, 'Nagydobsza', '7985', 'BA'),
(2829, 'Istvándi', '7987', 'SO'),
(2830, 'Darány', '7988', 'SO'),
(2831, 'Székesfehérvár', '8000', 'FE'),
(2832, 'Székesfehérvár', '8001', 'FE'),
(2833, 'Székesfehérvár', '8002', 'FE'),
(2834, 'Székesfehérvár', '8003', 'FE'),
(2835, 'Székesfehérvár', '8004', 'FE'),
(2836, 'Székesfehérvár', '8005', 'FE'),
(2837, 'Székesfehérvár', '8006', 'FE'),
(2838, 'Székesfehérvár', '8007', 'FE'),
(2839, 'Székesfehérvár', '8008', 'FE'),
(2840, 'Székesfehérvár', '8011', 'FE'),
(2841, 'Székesfehérvár', '8019', 'FE'),
(2842, 'Székesfehérvár', '8020', 'FE'),
(2843, 'Csór', '8041', 'FE'),
(2844, 'Moha', '8042', 'FE'),
(2845, 'Iszkaszentgyörgy', '8043', 'FE'),
(2846, 'Kincsesbánya', '8044', 'FE'),
(2847, 'Isztimér', '8045', 'FE'),
(2848, 'Bakonykúti', '8046', 'FE'),
(2849, 'Sárkeresztes', '8051', 'FE'),
(2850, 'Fehérvárcsurgó', '8052', 'FE'),
(2851, 'Bodajk', '8053', 'FE'),
(2852, 'Bodajk', '8054', 'FE'),
(2853, 'Balinka', '8055', 'FE'),
(2854, 'Bakonycsernye', '8056', 'FE'),
(2855, 'Mór', '8060', 'FE'),
(2856, 'Mór', '8061', 'FE'),
(2857, 'Mór', '8062', 'FE'),
(2858, 'Nagyveleg', '8065', 'FE'),
(2859, 'Pusztavám', '8066', 'FE'),
(2860, 'Magyaralmás', '8071', 'FE'),
(2861, 'Söréd', '8072', 'FE'),
(2862, 'Csákberény', '8073', 'FE'),
(2863, 'Csókakő', '8074', 'FE'),
(2864, 'Bodmér', '8080', 'FE'),
(2865, 'Zámoly', '8081', 'FE'),
(2866, 'Gánt', '8082', 'FE'),
(2867, 'Csákvár', '8083', 'FE'),
(2868, 'Csákvár', '8084', 'FE'),
(2869, 'Vértesboglár', '8085', 'FE'),
(2870, 'Felcsút', '8086', 'FE'),
(2871, 'Alcsútdoboz', '8087', 'FE'),
(2872, 'Tabajd', '8088', 'FE'),
(2873, 'Vértesacsa', '8089', 'FE'),
(2874, 'Pátka', '8092', 'FE'),
(2875, 'Lovasberény', '8093', 'FE'),
(2876, 'Pákozd', '8095', 'FE'),
(2877, 'Sukoró', '8096', 'FE'),
(2878, 'Nadap', '8097', 'FE'),
(2879, 'Várpalota', '8100', 'VE'),
(2880, 'Várpalota', '8101', 'VE'),
(2881, 'Várpalota', '8102', 'VE'),
(2882, 'Várpalota', '8103', 'VE'),
(2883, 'Várpalota', '8104', 'VE'),
(2884, 'Pétfürdő', '8105', 'VE'),
(2885, 'Tés', '8109', 'VE'),
(2886, 'Seregélyes', '8111', 'FE'),
(2887, 'Zichyújfalu', '8112', 'FE'),
(2888, 'Tác', '8121', 'FE'),
(2889, 'Csősz', '8122', 'FE'),
(2890, 'Soponya', '8123', 'FE'),
(2891, 'Káloz', '8124', 'FE'),
(2892, 'Sárkeresztúr', '8125', 'FE'),
(2893, 'Sárszentágota', '8126', 'FE'),
(2894, 'Aba', '8127', 'FE'),
(2895, 'Enying', '8130', 'FE'),
(2896, 'Enying', '8131', 'FE'),
(2897, 'Lepsény', '8132', 'FE'),
(2898, 'Mezőszentgyörgy', '8133', 'FE'),
(2899, 'Mátyásdomb', '8134', 'FE'),
(2900, 'Dég', '8135', 'FE'),
(2901, 'Lajoskomárom', '8136', 'FE'),
(2902, 'Mezőkomárom', '8137', 'FE'),
(2903, 'Szabadhídvég', '8138', 'FE'),
(2904, 'Úrhida', '8142', 'FE'),
(2905, 'Sárszentmihály', '8143', 'FE'),
(2906, 'Sárkeszi', '8144', 'FE'),
(2907, 'Nádasdladány', '8145', 'FE'),
(2908, 'Jenő', '8146', 'FE'),
(2909, 'Szabadbattyán', '8151', 'FE'),
(2910, 'Kőszárhegy', '8152', 'FE'),
(2911, 'Kőszárhegy', '8153', 'FE'),
(2912, 'Polgárdi', '8154', 'FE'),
(2913, 'Kisláng', '8156', 'FE'),
(2914, 'Füle', '8157', 'FE'),
(2915, 'Ősi', '8161', 'VE'),
(2916, 'Küngös', '8162', 'VE'),
(2917, 'Csajág', '8163', 'VE'),
(2918, 'Balatonfőkajár', '8164', 'VE'),
(2919, 'Balatonvilágos', '8171', 'VE'),
(2920, 'Balatonvilágos', '8172', 'VE'),
(2921, 'Balatonvilágos', '8173', 'VE'),
(2922, 'Balatonkenese', '8174', 'VE'),
(2923, 'Balatonfűzfő', '8175', 'VE'),
(2924, 'Berhida', '8181', 'VE'),
(2925, 'Berhida', '8182', 'VE'),
(2926, 'Papkeszi', '8183', 'VE'),
(2927, 'Papkeszi', '8184', 'VE'),
(2928, 'Öskü', '8191', 'VE'),
(2929, 'Hajmáskér', '8192', 'VE'),
(2930, 'Sóly', '8193', 'VE'),
(2931, 'Vilonya', '8194', 'VE'),
(2932, 'Királyszentistván', '8195', 'VE'),
(2933, 'Litér', '8196', 'VE'),
(2934, 'Veszprém', '8200', 'VE'),
(2935, 'Veszprém', '8201', 'VE'),
(2936, 'Veszprém', '8202', 'VE'),
(2937, 'Veszprém', '8204', 'VE'),
(2938, 'Veszprém', '8205', 'VE'),
(2939, 'Veszprém', '8206', 'VE'),
(2940, 'Veszprém', '8207', 'VE'),
(2941, 'Balatonalmádi', '8220', 'VE'),
(2942, 'Balatonalmádi', '8221', 'VE'),
(2943, 'Balatonalmádi', '8222', 'VE'),
(2944, 'Szentkirályszabadja', '8225', 'VE'),
(2945, 'Alsóörs', '8226', 'VE'),
(2946, 'Felsőörs', '8227', 'VE'),
(2947, 'Lovas', '8228', 'VE'),
(2948, 'Csopak', '8229', 'VE'),
(2949, 'Paloznak', '8229', 'VE'),
(2950, 'Balatonfüred', '8230', 'VE'),
(2951, 'Balatonszőlős', '8230', 'VE'),
(2952, 'Balatonszőlős', '8231', 'VE'),
(2953, 'Balatonszőlős', '8232', 'VE'),
(2954, 'Balatonszőlős', '8233', 'VE'),
(2955, 'Balatonszőlős', '8236', 'VE'),
(2956, 'Tihany', '8237', 'VE'),
(2957, 'Aszófő', '8241', 'VE'),
(2958, 'Örvényes', '8242', 'VE'),
(2959, 'Balatonudvari', '8242', 'VE'),
(2960, 'Balatonakali', '8243', 'VE'),
(2961, 'Dörgicse', '8244', 'VE'),
(2962, 'Pécsely', '8245', 'VE'),
(2963, 'Vászoly', '8245', 'VE'),
(2964, 'Tótvázsony', '8246', 'VE'),
(2965, 'Hidegkút', '8247', 'VE'),
(2966, 'Veszprémfajsz', '8248', 'VE'),
(2967, 'Nemesvámos', '8248', 'VE'),
(2968, 'Zánka', '8251', 'VE'),
(2969, 'Balatonszepezd', '8252', 'VE'),
(2970, 'Révfülöp', '8253', 'VE'),
(2971, 'Kővágóörs', '8254', 'VE'),
(2972, 'Kékkút', '8254', 'VE'),
(2973, 'Balatonrendes', '8255', 'VE'),
(2974, 'Salföld', '8256', 'VE'),
(2975, 'Ábrahámhegy', '8256', 'VE'),
(2976, 'Salföld', '8257', 'VE'),
(2977, 'Badacsonytomaj', '8258', 'VE'),
(2978, 'Badacsonytomaj', '8261', 'VE'),
(2979, 'Badacsonytördemic', '8263', 'VE'),
(2980, 'Szigliget', '8264', 'VE'),
(2981, 'Hegymagas', '8265', 'VE'),
(2982, 'Mencshely', '8271', 'VE'),
(2983, 'Balatoncsicsó', '8272', 'VE'),
(2984, 'Szentjakabfa', '8272', 'VE'),
(2985, 'Szentantalfa', '8272', 'VE'),
(2986, 'Óbudavár', '8272', 'VE'),
(2987, 'Tagyon', '8272', 'VE'),
(2988, 'Monoszló', '8273', 'VE'),
(2989, 'Köveskál', '8274', 'VE'),
(2990, 'Balatonhenye', '8275', 'VE'),
(2991, 'Szentbékkálla', '8281', 'VE'),
(2992, 'Mindszentkálla', '8282', 'VE'),
(2993, 'Káptalantóti', '8283', 'VE'),
(2994, 'Kisapáti', '8284', 'VE'),
(2995, 'Nemesgulács', '8284', 'VE'),
(2996, 'Gyulakeszi', '8286', 'VE'),
(2997, 'Vöröstó', '8291', 'VE'),
(2998, 'Barnag', '8291', 'VE'),
(2999, 'Nagyvázsony', '8291', 'VE'),
(3000, 'Pula', '8291', 'VE'),
(3001, 'Öcs', '8292', 'VE'),
(3002, 'Kapolcs', '8294', 'VE'),
(3003, 'Vigántpetend', '8294', 'VE'),
(3004, 'Taliándörögd', '8295', 'VE'),
(3005, 'Hegyesd', '8296', 'VE'),
(3006, 'Monostorapáti', '8296', 'VE'),
(3007, 'Hegyesd', '8297', 'VE'),
(3008, 'Raposka', '8300', 'VE'),
(3009, 'Tapolca', '8300', 'VE'),
(3010, 'Raposka', '8301', 'VE'),
(3011, 'Raposka', '8302', 'VE'),
(3012, 'Raposka', '8303', 'VE'),
(3013, 'Zalahaláp', '8308', 'VE'),
(3014, 'Sáska', '8308', 'VE'),
(3015, 'Nemesvita', '8311', 'VE'),
(3016, 'Balatonederics', '8312', 'VE'),
(3017, 'Balatongyörök', '8313', 'ZA'),
(3018, 'Vonyarcvashegy', '8314', 'ZA'),
(3019, 'Gyenesdiás', '8315', 'ZA'),
(3020, 'Vállus', '8316', 'ZA'),
(3021, 'Várvölgy', '8316', 'ZA'),
(3022, 'Lesencefalu', '8318', 'VE'),
(3023, 'Lesencetomaj', '8318', 'VE'),
(3024, 'Lesenceistvánd', '8319', 'VE'),
(3025, 'Uzsa', '8321', 'VE'),
(3026, 'Sümeg', '8330', 'VE'),
(3027, 'Sümeg', '8331', 'VE'),
(3028, 'Szalapa', '8341', 'ZA'),
(3029, 'Kisvásárhely', '8341', 'ZA'),
(3030, 'Mihályfa', '8341', 'ZA'),
(3031, 'Óhíd', '8342', 'ZA'),
(3032, 'Hetyefő', '8344', 'VE'),
(3033, 'Zalaerdőd', '8344', 'VE'),
(3034, 'Dabronc', '8345', 'VE'),
(3035, 'Gógánfa', '8346', 'VE'),
(3036, 'Ukk', '8347', 'VE'),
(3037, 'Megyer', '8348', 'VE'),
(3038, 'Zalameggyes', '8348', 'VE'),
(3039, 'Rigács', '8348', 'VE'),
(3040, 'Zalagyömörő', '8349', 'VE'),
(3041, 'Sümegprága', '8351', 'VE'),
(3042, 'Bazsi', '8352', 'VE'),
(3043, 'Vindornyalak', '8353', 'ZA'),
(3044, 'Zalaszántó', '8353', 'ZA'),
(3045, 'Karmacs', '8354', 'ZA'),
(3046, 'Zalaköveskút', '8354', 'ZA'),
(3047, 'Vindornyafok', '8354', 'ZA'),
(3048, 'Vindornyaszőlős', '8355', 'ZA'),
(3049, 'Nagygörbő', '8356', 'ZA'),
(3050, 'Kisgörbő', '8356', 'ZA'),
(3051, 'Döbröce', '8357', 'ZA');
INSERT INTO `settlement` (`SettlementID`, `SettlementName`, `ZipCode`, `county`) VALUES
(3052, 'Sümegcsehi', '8357', 'ZA'),
(3053, 'Keszthely', '8360', 'ZA'),
(3054, 'Keszthely', '8361', 'ZA'),
(3055, 'Keszthely', '8362', 'ZA'),
(3056, 'Keszthely', '8363', 'ZA'),
(3057, 'Keszthely', '8364', 'ZA'),
(3058, 'Nemesbük', '8371', 'ZA'),
(3059, 'Cserszegtomaj', '8372', 'ZA'),
(3060, 'Rezi', '8373', 'ZA'),
(3061, 'Felsőpáhok', '8380', 'ZA'),
(3062, 'Hévíz', '8380', 'ZA'),
(3063, 'Felsőpáhok', '8381', 'ZA'),
(3064, 'Sármellék', '8391', 'ZA'),
(3065, 'Zalavár', '8392', 'ZA'),
(3066, 'Szentgyörgyvár', '8393', 'ZA'),
(3067, 'Alsópáhok', '8394', 'ZA'),
(3068, 'Ajka', '8400', 'VE'),
(3069, 'Ajka', '8401', 'VE'),
(3070, 'Ajka', '8403', 'VE'),
(3071, 'Ajka', '8404', 'VE'),
(3072, 'Ajka', '8408', 'VE'),
(3073, 'Úrkút', '8409', 'VE'),
(3074, 'Úrkút', '8411', 'VE'),
(3075, 'Úrkút', '8412', 'VE'),
(3076, 'Eplény', '8413', 'VE'),
(3077, 'Olaszfalu', '8414', 'VE'),
(3078, 'Nagyesztergár', '8415', 'VE'),
(3079, 'Dudar', '8416', 'VE'),
(3080, 'Csetény', '8417', 'VE'),
(3081, 'Bakonyoszlop', '8418', 'VE'),
(3082, 'Csesznek', '8419', 'VE'),
(3083, 'Zirc', '8420', 'VE'),
(3084, 'Bakonynána', '8422', 'VE'),
(3085, 'Szápár', '8423', 'VE'),
(3086, 'Jásd', '8424', 'VE'),
(3087, 'Lókút', '8425', 'VE'),
(3088, 'Pénzesgyőr', '8426', 'VE'),
(3089, 'Bakonybél', '8427', 'VE'),
(3090, 'Borzavár', '8428', 'VE'),
(3091, 'Porva', '8429', 'VE'),
(3092, 'Bakonyszentkirály', '8430', 'VE'),
(3093, 'Bakonyszentlászló', '8431', 'VE'),
(3094, 'Fenyőfő', '8432', 'VE'),
(3095, 'Bakonygyirót', '8433', 'VE'),
(3096, 'Románd', '8434', 'VE'),
(3097, 'Gic', '8435', 'VE'),
(3098, 'Bakonypéterd', '8436', 'VE'),
(3099, 'Lázi', '8437', 'VE'),
(3100, 'Veszprémvarsány', '8438', 'VE'),
(3101, 'Sikátor', '8439', 'VE'),
(3102, 'Herend', '8440', 'VE'),
(3103, 'Márkó', '8441', 'VE'),
(3104, 'Hárskút', '8442', 'VE'),
(3105, 'Bánd', '8443', 'VE'),
(3106, 'Szentgál', '8444', 'VE'),
(3107, 'Csehbánya', '8445', 'VE'),
(3108, 'Városlőd', '8445', 'VE'),
(3109, 'Kislőd', '8446', 'VE'),
(3110, 'Kislőd', '8447', 'VE'),
(3111, 'Kislőd', '8448', 'VE'),
(3112, 'Magyarpolány', '8449', 'VE'),
(3113, 'Magyarpolány', '8451', 'VE'),
(3114, 'Halimba', '8452', 'VE'),
(3115, 'Szőc', '8452', 'VE'),
(3116, 'Nyirád', '8454', 'VE'),
(3117, 'Pusztamiske', '8455', 'VE'),
(3118, 'Noszlop', '8456', 'VE'),
(3119, 'Bakonypölöske', '8457', 'VE'),
(3120, 'Oroszi', '8458', 'VE'),
(3121, 'Devecser', '8460', 'VE'),
(3122, 'Devecser', '8461', 'VE'),
(3123, 'Kolontár', '8468', 'VE'),
(3124, 'Kamond', '8469', 'VE'),
(3125, 'Nemeshany', '8471', 'VE'),
(3126, 'Káptalanfa', '8471', 'VE'),
(3127, 'Bodorfa', '8471', 'VE'),
(3128, 'Gyepükaján', '8473', 'VE'),
(3129, 'Csabrendek', '8474', 'VE'),
(3130, 'Hosztót', '8475', 'VE'),
(3131, 'Veszprémgalsa', '8475', 'VE'),
(3132, 'Szentimrefalva', '8475', 'VE'),
(3133, 'Zalaszegvár', '8476', 'VE'),
(3134, 'Apácatorna', '8477', 'VE'),
(3135, 'Tüskevár', '8477', 'VE'),
(3136, 'Kisberzseny', '8477', 'VE'),
(3137, 'Somlójenő', '8478', 'VE'),
(3138, 'Borszörcsök', '8479', 'VE'),
(3139, 'Somlóvásárhely', '8481', 'VE'),
(3140, 'Doba', '8482', 'VE'),
(3141, 'Kisszőlős', '8483', 'VE'),
(3142, 'Somlószőlős', '8483', 'VE'),
(3143, 'Vid', '8484', 'VE'),
(3144, 'Somlóvecse', '8484', 'VE'),
(3145, 'Nagyalásony', '8484', 'VE'),
(3146, 'Dabrony', '8485', 'VE'),
(3147, 'Karakószörcsök', '8491', 'VE'),
(3148, 'Kerta', '8492', 'VE'),
(3149, 'Iszkáz', '8493', 'VE'),
(3150, 'Kiscsősz', '8494', 'VE'),
(3151, 'Csögle', '8495', 'VE'),
(3152, 'Kispirit', '8496', 'VE'),
(3153, 'Nagypirit', '8496', 'VE'),
(3154, 'Adorjánháza', '8497', 'VE'),
(3155, 'Egeralja', '8497', 'VE'),
(3156, 'Pápa', '8500', 'VE'),
(3157, 'Pápa', '8501', 'VE'),
(3158, 'Pápa', '8502', 'VE'),
(3159, 'Pápa', '8503', 'VE'),
(3160, 'Pápa', '8505', 'VE'),
(3161, 'Pápa', '8510', 'VE'),
(3162, 'Pápa', '8511', 'VE'),
(3163, 'Nyárád', '8512', 'VE'),
(3164, 'Mihályháza', '8513', 'VE'),
(3165, 'Mezőlak', '8514', 'VE'),
(3166, 'Békás', '8515', 'VE'),
(3167, 'Kemeneshőgyész', '8516', 'VE'),
(3168, 'Magyargencs', '8517', 'VE'),
(3169, 'Kemenesszentpéter', '8518', 'VE'),
(3170, 'Nagyacsád', '8521', 'VE'),
(3171, 'Nemesgörzsöny', '8522', 'VE'),
(3172, 'Egyházaskesző', '8523', 'VE'),
(3173, 'Várkesző', '8523', 'VE'),
(3174, 'Várkesző', '8531', 'VE'),
(3175, 'Marcaltő', '8532', 'VE'),
(3176, 'Malomsok', '8533', 'VE'),
(3177, 'Csikvánd', '8534', 'GS'),
(3178, 'Takácsi', '8541', 'VE'),
(3179, 'Vaszar', '8542', 'VE'),
(3180, 'Gecse', '8543', 'VE'),
(3181, 'Szerecseny', '8544', 'GS'),
(3182, 'Gyarmat', '8545', 'GS'),
(3183, 'Nagygyimót', '8551', 'VE'),
(3184, 'Vanyola', '8552', 'VE'),
(3185, 'Lovászpatona', '8553', 'VE'),
(3186, 'Nagydém', '8554', 'VE'),
(3187, 'Bakonytamási', '8555', 'VE'),
(3188, 'Pápateszér', '8556', 'VE'),
(3189, 'Bakonyság', '8557', 'VE'),
(3190, 'Bakonyszentiván', '8557', 'VE'),
(3191, 'Csót', '8558', 'VE'),
(3192, 'Adásztevel', '8561', 'VE'),
(3193, 'Nagytevel', '8562', 'VE'),
(3194, 'Homokbödöge', '8563', 'VE'),
(3195, 'Ugod', '8564', 'VE'),
(3196, 'Béb', '8565', 'VE'),
(3197, 'Bakonykoppány', '8571', 'VE'),
(3198, 'Bakonyszücs', '8572', 'VE'),
(3199, 'Németbánya', '8581', 'VE'),
(3200, 'Bakonyjákó', '8581', 'VE'),
(3201, 'Farkasgyepű', '8582', 'VE'),
(3202, 'Farkasgyepű', '8591', 'VE'),
(3203, 'Nóráp', '8591', 'VE'),
(3204, 'Dáka', '8592', 'VE'),
(3205, 'Pápadereske', '8593', 'VE'),
(3206, 'Pápasalamon', '8594', 'VE'),
(3207, 'Kup', '8595', 'VE'),
(3208, 'Pápakovácsi', '8596', 'VE'),
(3209, 'Ganna', '8597', 'VE'),
(3210, 'Döbrönte', '8597', 'VE'),
(3211, 'Döbrönte', '8598', 'VE'),
(3212, 'Siófok', '8600', 'SO'),
(3213, 'Siófok', '8601', 'SO'),
(3214, 'Siófok', '8602', 'SO'),
(3215, 'Siófok', '8604', 'SO'),
(3216, 'Siófok', '8609', 'SO'),
(3217, 'Siófok', '8611', 'SO'),
(3218, 'Nyim', '8612', 'SO'),
(3219, 'Balatonendréd', '8613', 'SO'),
(3220, 'Bálványos', '8614', 'SO'),
(3221, 'Kőröshegy', '8617', 'SO'),
(3222, 'Kereki', '8618', 'SO'),
(3223, 'Pusztaszemes', '8619', 'SO'),
(3224, 'Zamárdi', '8621', 'SO'),
(3225, 'Szántód', '8622', 'SO'),
(3226, 'Balatonföldvár', '8623', 'SO'),
(3227, 'Balatonszárszó', '8624', 'SO'),
(3228, 'Szólád', '8625', 'SO'),
(3229, 'Teleki', '8626', 'SO'),
(3230, 'Kötcse', '8627', 'SO'),
(3231, 'Nagycsepely', '8628', 'SO'),
(3232, 'Balatonboglár', '8630', 'SO'),
(3233, 'Balatonboglár', '8631', 'SO'),
(3234, 'Balatonboglár', '8634', 'SO'),
(3235, 'Ordacsehi', '8635', 'SO'),
(3236, 'Balatonszemes', '8636', 'SO'),
(3237, 'Balatonőszöd', '8637', 'SO'),
(3238, 'Balatonlelle', '8638', 'SO'),
(3239, 'Fonyód', '8640', 'SO'),
(3240, 'Birján', '8641', 'SO'),
(3241, 'Birján', '8642', 'SO'),
(3242, 'Birján', '8644', 'SO'),
(3243, 'Balatonfenyves', '8646', 'SO'),
(3244, 'Balatonmáriafürdő', '8647', 'SO'),
(3245, 'Balatonkeresztúr', '8647', 'SO'),
(3246, 'Balatonkeresztúr', '8648', 'SO'),
(3247, 'Balatonberény', '8649', 'SO'),
(3248, 'Balatonszabadi', '8651', 'SO'),
(3249, 'Siójut', '8652', 'SO'),
(3250, 'Ádánd', '8653', 'SO'),
(3251, 'Ságvár', '8654', 'SO'),
(3252, 'Som', '8655', 'SO'),
(3253, 'Nagyberény', '8656', 'SO'),
(3254, 'Bábonymegyer', '8658', 'SO'),
(3255, 'Tab', '8660', 'SO'),
(3256, 'Zala', '8660', 'SO'),
(3257, 'Torvaj', '8660', 'SO'),
(3258, 'Sérsekszőlős', '8660', 'SO'),
(3259, 'Lulla', '8660', 'SO'),
(3260, 'Bedegkér', '8666', 'SO'),
(3261, 'Somogyegres', '8666', 'SO'),
(3262, 'Kánya', '8667', 'SO'),
(3263, 'Tengőd', '8668', 'SO'),
(3264, 'Miklósi', '8669', 'SO'),
(3265, 'Kapoly', '8671', 'SO'),
(3266, 'Zics', '8672', 'SO'),
(3267, 'Somogymeggyes', '8673', 'SO'),
(3268, 'Nágocs', '8674', 'SO'),
(3269, 'Andocs', '8675', 'SO'),
(3270, 'Karád', '8676', 'SO'),
(3271, 'Visz', '8681', 'SO'),
(3272, 'Látrány', '8681', 'SO'),
(3273, 'Somogytúr', '8683', 'SO'),
(3274, 'Somogybabod', '8684', 'SO'),
(3275, 'Gamás', '8685', 'SO'),
(3276, 'Gamás', '8691', 'SO'),
(3277, 'Gyugy', '8692', 'SO'),
(3278, 'Szőlősgyörök', '8692', 'SO'),
(3279, 'Kisberény', '8693', 'SO'),
(3280, 'Lengyeltóti', '8693', 'SO'),
(3281, 'Hács', '8694', 'SO'),
(3282, 'Buzsák', '8695', 'SO'),
(3283, 'Táska', '8696', 'SO'),
(3284, 'Öreglak', '8697', 'SO'),
(3285, 'Pamuk', '8698', 'SO'),
(3286, 'Somogyvár', '8698', 'SO'),
(3287, 'Somogyvámos', '8699', 'SO'),
(3288, 'Csömend', '8700', 'SO'),
(3289, 'Marcali', '8700', 'SO'),
(3290, 'Csömend', '8701', 'SO'),
(3291, 'Somogyszentpál', '8705', 'SO'),
(3292, 'Nikla', '8706', 'SO'),
(3293, 'Pusztakovácsi', '8707', 'SO'),
(3294, 'Libickozma', '8707', 'SO'),
(3295, 'Somogyfajsz', '8708', 'SO'),
(3296, 'Somogyfajsz', '8709', 'SO'),
(3297, 'Balatonszentgyörgy', '8710', 'SO'),
(3298, 'Vörs', '8711', 'SO'),
(3299, 'Balatonújlak', '8712', 'SO'),
(3300, 'Kéthely', '8713', 'SO'),
(3301, 'Kéthely', '8714', 'SO'),
(3302, 'Kelevíz', '8714', 'SO'),
(3303, 'Gadány', '8716', 'SO'),
(3304, 'Mesztegnyő', '8716', 'SO'),
(3305, 'Hosszúvíz', '8716', 'SO'),
(3306, 'Szenyér', '8717', 'SO'),
(3307, 'Nemeskisfalud', '8717', 'SO'),
(3308, 'Tapsony', '8718', 'SO'),
(3309, 'Böhönye', '8719', 'SO'),
(3310, 'Vése', '8721', 'SO'),
(3311, 'Nemesdéd', '8722', 'SO'),
(3312, 'Varászló', '8723', 'SO'),
(3313, 'Inke', '8724', 'SO'),
(3314, 'Iharosberény', '8725', 'SO'),
(3315, 'Somogycsicsó', '8726', 'SO'),
(3316, 'Iharos', '8726', 'SO'),
(3317, 'Pogányszentpéter', '8728', 'SO'),
(3318, 'Hollád', '8731', 'SO'),
(3319, 'Tikos', '8731', 'SO'),
(3320, 'Főnyed', '8732', 'SO'),
(3321, 'Sávoly', '8732', 'SO'),
(3322, 'Szegerdő', '8732', 'SO'),
(3323, 'Somogysámson', '8733', 'SO'),
(3324, 'Somogyzsitfa', '8734', 'SO'),
(3325, 'Csákány', '8735', 'SO'),
(3326, 'Szőkedencs', '8736', 'SO'),
(3327, 'Somogysimonyi', '8737', 'SO'),
(3328, 'Nemesvid', '8738', 'SO'),
(3329, 'Nagyszakácsi', '8739', 'SO'),
(3330, 'Zalaapáti', '8741', 'ZA'),
(3331, 'Bókaháza', '8741', 'ZA'),
(3332, 'Esztergályhorváti', '8742', 'ZA'),
(3333, 'Zalaszabar', '8743', 'ZA'),
(3334, 'Orosztony', '8744', 'ZA'),
(3335, 'Kerecseny', '8745', 'ZA'),
(3336, 'Nagyrada', '8746', 'ZA'),
(3337, 'Garabonc', '8747', 'ZA'),
(3338, 'Zalamerenye', '8747', 'ZA'),
(3339, 'Zalakaros', '8749', 'ZA'),
(3340, 'Zalakomár', '8751', 'ZA'),
(3341, 'Zalakomár', '8752', 'ZA'),
(3342, 'Balatonmagyaród', '8753', 'ZA'),
(3343, 'Galambok', '8754', 'ZA'),
(3344, 'Kisrécse', '8756', 'ZA'),
(3345, 'Csapi', '8756', 'ZA'),
(3346, 'Zalasárszeg', '8756', 'ZA'),
(3347, 'Nagyrécse', '8756', 'ZA'),
(3348, 'Zalaigrice', '8761', 'ZA'),
(3349, 'Pacsa', '8761', 'ZA'),
(3350, 'Gétye', '8762', 'ZA'),
(3351, 'Szentpéterúr', '8762', 'ZA'),
(3352, 'Dióskál', '8764', 'ZA'),
(3353, 'Zalaszentmárton', '8764', 'ZA'),
(3354, 'Egeraracsa', '8765', 'ZA'),
(3355, 'Pötréte', '8767', 'ZA'),
(3356, 'Felsőrajk', '8767', 'ZA'),
(3357, 'Alsórajk', '8767', 'ZA'),
(3358, 'Hahót', '8771', 'ZA'),
(3359, 'Zalaszentbalázs', '8772', 'ZA'),
(3360, 'Börzönce', '8772', 'ZA'),
(3361, 'Pölöskefő', '8773', 'ZA'),
(3362, 'Kacorlak', '8773', 'ZA'),
(3363, 'Kilimán', '8774', 'ZA'),
(3364, 'Gelse', '8774', 'ZA'),
(3365, 'Gelsesziget', '8774', 'ZA'),
(3366, 'Magyarszerdahely', '8776', 'ZA'),
(3367, 'Bocska', '8776', 'ZA'),
(3368, 'Magyarszentmiklós', '8776', 'ZA'),
(3369, 'Fűzvölgy', '8777', 'ZA'),
(3370, 'Homokkomárom', '8777', 'ZA'),
(3371, 'Hosszúvölgy', '8777', 'ZA'),
(3372, 'Újudvar', '8778', 'ZA'),
(3373, 'Ligetfalva', '8782', 'ZA'),
(3374, 'Zalacsány', '8782', 'ZA'),
(3375, 'Tilaj', '8782', 'ZA'),
(3376, 'Kehidakustány', '8784', 'ZA'),
(3377, 'Kallósd', '8785', 'ZA'),
(3378, 'Kehidakustány', '8785', 'ZA'),
(3379, 'Zalaszentlászló', '8788', 'ZA'),
(3380, 'Sénye', '8788', 'ZA'),
(3381, 'Sénye', '8789', 'ZA'),
(3382, 'Zalaszentgrót', '8790', 'ZA'),
(3383, 'Zalavég', '8792', 'ZA'),
(3384, 'Zalavég', '8793', 'ZA'),
(3385, 'Zalavég', '8795', 'ZA'),
(3386, 'Türje', '8796', 'ZA'),
(3387, 'Batyk', '8797', 'ZA'),
(3388, 'Zalabér', '8798', 'ZA'),
(3389, 'Dötk', '8799', 'ZA'),
(3390, 'Pakod', '8799', 'ZA'),
(3391, 'Nagykanizsa', '8800', 'ZA'),
(3392, 'Nagykanizsa', '8801', 'ZA'),
(3393, 'Nagykanizsa', '8802', 'ZA'),
(3394, 'Nagykanizsa', '8803', 'ZA'),
(3395, 'Nagykanizsa', '8804', 'ZA'),
(3396, 'Nagykanizsa', '8808', 'ZA'),
(3397, 'Nagykanizsa', '8809', 'ZA'),
(3398, 'Nagybakónak', '8821', 'ZA'),
(3399, 'Zalaújlak', '8822', 'ZA'),
(3400, 'Sand', '8824', 'ZA'),
(3401, 'Miháld', '8825', 'ZA'),
(3402, 'Pat', '8825', 'ZA'),
(3403, 'Zalaszentjakab', '8827', 'ZA'),
(3404, 'Zalaszentjakab', '8831', 'ZA'),
(3405, 'Liszó', '8831', 'ZA'),
(3406, 'Murakeresztúr', '8834', 'ZA'),
(3407, 'Fityeház', '8835', 'ZA'),
(3408, 'Csurgónagymarton', '8840', 'SO'),
(3409, 'Csurgó', '8840', 'SO'),
(3410, 'Szenta', '8849', 'SO'),
(3411, 'Gyékényes', '8851', 'SO'),
(3412, 'Zákány', '8852', 'SO'),
(3413, 'Gyékényes', '8852', 'SO'),
(3414, 'Zákányfalu', '8853', 'SO'),
(3415, 'Őrtilos', '8854', 'SO'),
(3416, 'Belezna', '8855', 'ZA'),
(3417, 'Nemespátró', '8856', 'ZA'),
(3418, 'Surd', '8856', 'ZA'),
(3419, 'Nemespátró', '8857', 'ZA'),
(3420, 'Somogybükkösd', '8858', 'SO'),
(3421, 'Porrogszentkirály', '8858', 'SO'),
(3422, 'Porrogszentpál', '8858', 'SO'),
(3423, 'Porrog', '8858', 'SO'),
(3424, 'Szepetnek', '8861', 'ZA'),
(3425, 'Semjénháza', '8862', 'ZA'),
(3426, 'Molnári', '8863', 'ZA'),
(3427, 'Tótszerdahely', '8864', 'ZA'),
(3428, 'Tótszentmárton', '8865', 'ZA'),
(3429, 'Becsehely', '8866', 'ZA'),
(3430, 'Petrivente', '8866', 'ZA'),
(3431, 'Kistolmács', '8868', 'ZA'),
(3432, 'Letenye', '8868', 'ZA'),
(3433, 'Zajk', '8868', 'ZA'),
(3434, 'Murarátka', '8868', 'ZA'),
(3435, 'Szentmargitfalva', '8872', 'ZA'),
(3436, 'Muraszemenye', '8872', 'ZA'),
(3437, 'Csörnyeföld', '8873', 'ZA'),
(3438, 'Kerkaszentkirály', '8874', 'ZA'),
(3439, 'Dobri', '8874', 'ZA'),
(3440, 'Tormafölde', '8876', 'ZA'),
(3441, 'Tornyiszentmiklós', '8877', 'ZA'),
(3442, 'Lovászi', '8878', 'ZA'),
(3443, 'Kerkateskánd', '8879', 'ZA'),
(3444, 'Szécsisziget', '8879', 'ZA'),
(3445, 'Sormás', '8881', 'ZA'),
(3446, 'Eszteregnye', '8882', 'ZA'),
(3447, 'Rigyác', '8883', 'ZA'),
(3448, 'Borsfa', '8885', 'ZA'),
(3449, 'Valkonya', '8885', 'ZA'),
(3450, 'Oltárc', '8886', 'ZA'),
(3451, 'Bázakerettye', '8887', 'ZA'),
(3452, 'Lasztonya', '8887', 'ZA'),
(3453, 'Lispeszentadorján', '8888', 'ZA'),
(3454, 'Kiscsehi', '8888', 'ZA'),
(3455, 'Maróc', '8888', 'ZA'),
(3456, 'Bánokszentgyörgy', '8891', 'ZA'),
(3457, 'Várfölde', '8891', 'ZA'),
(3458, 'Bucsuta', '8893', 'ZA'),
(3459, 'Szentliszló', '8893', 'ZA'),
(3460, 'Pusztamagyaród', '8895', 'ZA'),
(3461, 'Pusztaszentlászló', '8896', 'ZA'),
(3462, 'Söjtör', '8897', 'ZA'),
(3463, 'Zalaegerszeg', '8900', 'ZA'),
(3464, 'Zalaegerszeg', '8901', 'ZA'),
(3465, 'Zalaegerszeg', '8902', 'ZA'),
(3466, 'Zalaegerszeg', '8903', 'ZA'),
(3467, 'Zalaegerszeg', '8904', 'ZA'),
(3468, 'Zalaegerszeg', '8905', 'ZA'),
(3469, 'Zalaegerszeg', '8906', 'ZA'),
(3470, 'Zalaegerszeg', '8907', 'ZA'),
(3471, 'Zalaegerszeg', '8908', 'ZA'),
(3472, 'Zalaegerszeg', '8909', 'ZA'),
(3473, 'Kiskutas', '8911', 'ZA'),
(3474, 'Nagykutas', '8911', 'ZA'),
(3475, 'Kispáli', '8912', 'ZA'),
(3476, 'Nagypáli', '8912', 'ZA'),
(3477, 'Egervár', '8913', 'ZA'),
(3478, 'Lakhegy', '8913', 'ZA'),
(3479, 'Gősfa', '8913', 'ZA'),
(3480, 'Vasboldogasszony', '8914', 'ZA'),
(3481, 'Nemesrádó', '8915', 'ZA'),
(3482, 'Dobronhegy', '8917', 'ZA'),
(3483, 'Pálfiszeg', '8917', 'ZA'),
(3484, 'Milejszeg', '8917', 'ZA'),
(3485, 'Csonkahegyhát', '8918', 'ZA'),
(3486, 'Németfalu', '8918', 'ZA'),
(3487, 'Kustánszeg', '8919', 'ZA'),
(3488, 'Zalaszentiván', '8921', 'ZA'),
(3489, 'Zalaszentlőrinc', '8921', 'ZA'),
(3490, 'Alibánfa', '8921', 'ZA'),
(3491, 'Pethőhenye', '8921', 'ZA'),
(3492, 'Nemesapáti', '8923', 'ZA'),
(3493, 'Alsónemesapáti', '8924', 'ZA'),
(3494, 'Nemessándorháza', '8925', 'ZA'),
(3495, 'Búcsúszentlászló', '8925', 'ZA'),
(3496, 'Nemesszentandrás', '8925', 'ZA'),
(3497, 'Kisbucsa', '8925', 'ZA'),
(3498, 'Nemeshetés', '8925', 'ZA'),
(3499, 'Pölöske', '8929', 'ZA'),
(3500, 'Vöckönd', '8931', 'ZA'),
(3501, 'Kemendollár', '8931', 'ZA'),
(3502, 'Gyűrűs', '8932', 'ZA'),
(3503, 'Pókaszepetk', '8932', 'ZA'),
(3504, 'Zalaistvánd', '8932', 'ZA'),
(3505, 'Bezeréd', '8934', 'ZA'),
(3506, 'Orbányosfa', '8935', 'ZA'),
(3507, 'Almásháza', '8935', 'ZA'),
(3508, 'Nagykapornak', '8935', 'ZA'),
(3509, 'Misefa', '8935', 'ZA'),
(3510, 'Padár', '8935', 'ZA'),
(3511, 'Zalaszentmihály', '8936', 'ZA'),
(3512, 'Bocfölde', '8943', 'ZA'),
(3513, 'Csatár', '8943', 'ZA'),
(3514, 'Sárhida', '8944', 'ZA'),
(3515, 'Bak', '8945', 'ZA'),
(3516, 'Tófej', '8946', 'ZA'),
(3517, 'Baktüttös', '8946', 'ZA'),
(3518, 'Pusztaederics', '8946', 'ZA'),
(3519, 'Szentkozmadombja', '8947', 'ZA'),
(3520, 'Zalatárnok', '8947', 'ZA'),
(3521, 'Barlahida', '8948', 'ZA'),
(3522, 'Nova', '8948', 'ZA'),
(3523, 'Mikekarácsonyfa', '8949', 'ZA'),
(3524, 'Gutorfölde', '8951', 'ZA'),
(3525, 'Csertalakos', '8951', 'ZA'),
(3526, 'Szentpéterfölde', '8953', 'ZA'),
(3527, 'Ortaháza', '8954', 'ZA'),
(3528, 'Kányavár', '8956', 'ZA'),
(3529, 'Pördefölde', '8956', 'ZA'),
(3530, 'Páka', '8956', 'ZA'),
(3531, 'Csömödér', '8957', 'ZA'),
(3532, 'Kissziget', '8957', 'ZA'),
(3533, 'Hernyék', '8957', 'ZA'),
(3534, 'Zebecke', '8957', 'ZA'),
(3535, 'Iklódbördőce', '8958', 'ZA'),
(3536, 'Lenti', '8960', 'ZA'),
(3537, 'Lenti', '8961', 'ZA'),
(3538, 'Lenti', '8966', 'ZA'),
(3539, 'Bödeháza', '8969', 'ZA'),
(3540, 'Zalaszombatfa', '8969', 'ZA'),
(3541, 'Gáborjánháza', '8969', 'ZA'),
(3542, 'Szijártóháza', '8969', 'ZA'),
(3543, 'Zalabaksa', '8971', 'ZA'),
(3544, 'Kerkabarabás', '8971', 'ZA'),
(3545, 'Felsőszenterzsébet', '8973', 'ZA'),
(3546, 'Magyarföld', '8973', 'ZA'),
(3547, 'Alsószenterzsébet', '8973', 'ZA'),
(3548, 'Ramocsa', '8973', 'ZA'),
(3549, 'Csesztreg', '8973', 'ZA'),
(3550, 'Kerkafalva', '8973', 'ZA'),
(3551, 'Kerkakutas', '8973', 'ZA'),
(3552, 'Szentgyörgyvölgy', '8975', 'ZA'),
(3553, 'Nemesnép', '8976', 'ZA'),
(3554, 'Márokföld', '8976', 'ZA'),
(3555, 'Baglad', '8977', 'ZA'),
(3556, 'Lendvajakabfa', '8977', 'ZA'),
(3557, 'Resznek', '8977', 'ZA'),
(3558, 'Belsősárd', '8978', 'ZA'),
(3559, 'Lendvadedes', '8978', 'ZA'),
(3560, 'Gosztola', '8978', 'ZA'),
(3561, 'Rédics', '8978', 'ZA'),
(3562, 'Külsősárd', '8978', 'ZA'),
(3563, 'Gellénháza', '8981', 'ZA'),
(3564, 'Lickóvadamos', '8981', 'ZA'),
(3565, 'Babosdöbréte', '8983', 'ZA'),
(3566, 'Nagylengyel', '8983', 'ZA'),
(3567, 'Ormándlak', '8983', 'ZA'),
(3568, 'Iborfia', '8984', 'ZA'),
(3569, 'Petrikeresztúr', '8984', 'ZA'),
(3570, 'Gombosszeg', '8984', 'ZA'),
(3571, 'Becsvölgye', '8985', 'ZA'),
(3572, 'Pusztaapáti', '8986', 'ZA'),
(3573, 'Szilvágy', '8986', 'ZA'),
(3574, 'Pórszombat', '8986', 'ZA'),
(3575, 'Kálócfa', '8988', 'ZA'),
(3576, 'Kozmadombja', '8988', 'ZA'),
(3577, 'Dobronhegy', '8989', 'ZA'),
(3578, 'Pálfiszeg', '8990', 'ZA'),
(3579, 'Hottó', '8991', 'ZA'),
(3580, 'Teskánd', '8991', 'ZA'),
(3581, 'Böde', '8991', 'ZA'),
(3582, 'Zalaboldogfa', '8992', 'ZA'),
(3583, 'Boncodfölde', '8992', 'ZA'),
(3584, 'Bagod', '8992', 'ZA'),
(3585, 'Hagyárosbörönd', '8992', 'ZA'),
(3586, 'Zalaszentgyörgy', '8994', 'ZA'),
(3587, 'Kávás', '8994', 'ZA'),
(3588, 'Keménfa', '8995', 'ZA'),
(3589, 'Salomvár', '8995', 'ZA'),
(3590, 'Zalacséb', '8996', 'ZA'),
(3591, 'Zalaháshágy', '8997', 'ZA'),
(3592, 'Vaspör', '8998', 'ZA'),
(3593, 'Ozmánbük', '8998', 'ZA'),
(3594, 'Csöde', '8999', 'ZA'),
(3595, 'Zalalövő', '8999', 'ZA'),
(3596, 'Győr', '9000', 'GS'),
(3597, 'Győr', '9001', 'GS'),
(3598, 'Győr', '9002', 'GS'),
(3599, 'Győr', '9003', 'GS'),
(3600, 'Győr', '9004', 'GS'),
(3601, 'Győr', '9005', 'GS'),
(3602, 'Győr', '9006', 'GS'),
(3603, 'Győr', '9007', 'GS'),
(3604, 'Győr', '9008', 'GS'),
(3605, 'Győr', '9009', 'GS'),
(3606, 'Győr', '9010', 'GS'),
(3607, 'Győr', '9011', 'GS'),
(3608, 'Győr', '9012', 'GS'),
(3609, 'Győr', '9013', 'GS'),
(3610, 'Győr', '9019', 'GS'),
(3611, 'Győr', '9020', 'GS'),
(3612, 'Győr', '9021', 'GS'),
(3613, 'Győr', '9022', 'GS'),
(3614, 'Győr', '9023', 'GS'),
(3615, 'Győr', '9024', 'GS'),
(3616, 'Győr', '9025', 'GS'),
(3617, 'Győr', '9026', 'GS'),
(3618, 'Győr', '9027', 'GS'),
(3619, 'Győr', '9028', 'GS'),
(3620, 'Győr', '9029', 'GS'),
(3621, 'Győr', '9030', 'GS'),
(3622, 'Vámosszabadi', '9061', 'GS'),
(3623, 'Vének', '9062', 'GS'),
(3624, 'Kisbajcs', '9062', 'GS'),
(3625, 'Nagybajcs', '9063', 'GS'),
(3626, 'Gönyű', '9071', 'GS'),
(3627, 'Nagyszentjános', '9072', 'GS'),
(3628, 'Bőny', '9073', 'GS'),
(3629, 'Rétalap', '9074', 'GS'),
(3630, 'Győrújbarát', '9081', 'GS'),
(3631, 'Nyúl', '9082', 'GS'),
(3632, 'Écs', '9083', 'GS'),
(3633, 'Győrság', '9084', 'GS'),
(3634, 'Pázmándfalu', '9085', 'GS'),
(3635, 'Töltéstava', '9086', 'GS'),
(3636, 'Bakonypéterd', '9088', 'VE'),
(3637, 'Lázi', '9089', 'VE'),
(3638, 'Pannonhalma', '9090', 'GS'),
(3639, 'Ravazd', '9091', 'GS'),
(3640, 'Tarjánpuszta', '9092', 'GS'),
(3641, 'Győrasszonyfa', '9093', 'GS'),
(3642, 'Tápszentmiklós', '9094', 'GS'),
(3643, 'Táp', '9095', 'GS'),
(3644, 'Nyalka', '9096', 'GS'),
(3645, 'Mezőörs', '9097', 'GS'),
(3646, 'Mezőörs', '9098', 'GS'),
(3647, 'Pér', '9099', 'GS'),
(3648, 'Tét', '9100', 'GS'),
(3649, 'Tényő', '9111', 'GS'),
(3650, 'Sokorópátka', '9112', 'GS'),
(3651, 'Koroncó', '9113', 'GS'),
(3652, 'Győrszemere', '9121', 'GS'),
(3653, 'Felpéc', '9122', 'GS'),
(3654, 'Kajárpéc', '9123', 'GS'),
(3655, 'Gyömöre', '9124', 'GS'),
(3656, 'Szerecseny', '9125', 'GS'),
(3657, 'Gyarmat', '9126', 'GS'),
(3658, 'Csikvánd', '9127', 'GS'),
(3659, 'Mórichida', '9131', 'GS'),
(3660, 'Árpás', '9132', 'GS'),
(3661, 'Rábaszentmiklós', '9133', 'GS'),
(3662, 'Kisbabot', '9133', 'GS'),
(3663, 'Bodonhely', '9134', 'GS'),
(3664, 'Rábaszentmihály', '9135', 'GS'),
(3665, 'Rábacsécsény', '9136', 'GS'),
(3666, 'Mérges', '9136', 'GS'),
(3667, 'Ikrény', '9141', 'GS'),
(3668, 'Rábapatona', '9142', 'GS'),
(3669, 'Enese', '9143', 'GS'),
(3670, 'Kóny', '9144', 'GS'),
(3671, 'Bágyogszovát', '9145', 'GS'),
(3672, 'Rábapordány', '9146', 'GS'),
(3673, 'Dör', '9147', 'GS'),
(3674, 'Abda', '9151', 'GS'),
(3675, 'Börcs', '9152', 'GS'),
(3676, 'Öttevény', '9153', 'GS'),
(3677, 'Mosonszentmiklós', '9154', 'GS'),
(3678, 'Lébény', '9155', 'GS'),
(3679, 'Győrsövényház', '9161', 'GS'),
(3680, 'Bezi', '9162', 'GS'),
(3681, 'Fehértó', '9163', 'GS'),
(3682, 'Markotabödöge', '9164', 'GS'),
(3683, 'Cakóháza', '9165', 'GS'),
(3684, 'Rábcakapi', '9165', 'GS'),
(3685, 'Tárnokréti', '9165', 'GS'),
(3686, 'Bősárkány', '9167', 'GS'),
(3687, 'Acsalag', '9168', 'GS'),
(3688, 'Maglóca', '9169', 'GS'),
(3689, 'Barbacs', '9169', 'GS'),
(3690, 'Győrújfalu', '9171', 'GS'),
(3691, 'Győrzámoly', '9172', 'GS'),
(3692, 'Győrladamér', '9173', 'GS'),
(3693, 'Dunaszeg', '9174', 'GS'),
(3694, 'Dunaszentpál', '9175', 'GS'),
(3695, 'Mecsér', '9176', 'GS'),
(3696, 'Ásványráró', '9177', 'GS'),
(3697, 'Hédervár', '9178', 'GS'),
(3698, 'Kimle', '9181', 'GS'),
(3699, 'Károlyháza', '9182', 'GS'),
(3700, 'Károlyháza', '9183', 'GS'),
(3701, 'Kunsziget', '9184', 'GS'),
(3702, 'Mosonmagyaróvár', '9200', 'GS'),
(3703, 'Mosonmagyaróvár', '9201', 'GS'),
(3704, 'Mosonmagyaróvár', '9202', 'GS'),
(3705, 'Mosonmagyaróvár', '9203', 'GS'),
(3706, 'Feketeerdő', '9211', 'GS'),
(3707, 'Levél', '9221', 'GS'),
(3708, 'Hegyeshalom', '9222', 'GS'),
(3709, 'Bezenye', '9223', 'GS'),
(3710, 'Rajka', '9224', 'GS'),
(3711, 'Dunakiliti', '9225', 'GS'),
(3712, 'Dunasziget', '9226', 'GS'),
(3713, 'Halászi', '9228', 'GS'),
(3714, 'Máriakálnok', '9231', 'GS'),
(3715, 'Darnózseli', '9232', 'GS'),
(3716, 'Lipót', '9233', 'GS'),
(3717, 'Kisbodak', '9234', 'GS'),
(3718, 'Dunaremete', '9235', 'GS'),
(3719, 'Püski', '9235', 'GS'),
(3720, 'Jánossomorja', '9241', 'GS'),
(3721, 'Jánossomorja', '9242', 'GS'),
(3722, 'Várbalog', '9243', 'GS'),
(3723, 'Újrónafő', '9244', 'GS'),
(3724, 'Mosonszolnok', '9245', 'GS'),
(3725, 'Csorna', '9300', 'GS'),
(3726, 'Csorna', '9301', 'GS'),
(3727, 'Pásztori', '9311', 'GS'),
(3728, 'Szilsárkány', '9312', 'GS'),
(3729, 'Rábacsanak', '9313', 'GS'),
(3730, 'Egyed', '9314', 'GS'),
(3731, 'Sobor', '9315', 'GS'),
(3732, 'Rábaszentandrás', '9316', 'GS'),
(3733, 'Szany', '9317', 'GS'),
(3734, 'Farád', '9321', 'GS'),
(3735, 'Rábatamási', '9322', 'GS'),
(3736, 'Jobaháza', '9323', 'GS'),
(3737, 'Potyond', '9324', 'GS'),
(3738, 'Bogyoszló', '9324', 'GS'),
(3739, 'Sopronnémeti', '9325', 'GS'),
(3740, 'Szil', '9326', 'GS'),
(3741, 'Rábasebes', '9327', 'GS'),
(3742, 'Vág', '9327', 'GS'),
(3743, 'Kapuvár', '9330', 'GS'),
(3744, 'Kapuvár', '9331', 'GS'),
(3745, 'Kapuvár', '9332', 'GS'),
(3746, 'Kapuvár', '9339', 'GS'),
(3747, 'Kisfalud', '9341', 'GS'),
(3748, 'Mihályi', '9342', 'GS'),
(3749, 'Beled', '9343', 'GS'),
(3750, 'Vásárosfalu', '9343', 'GS'),
(3751, 'Edve', '9343', 'GS'),
(3752, 'Rábakecöl', '9344', 'GS'),
(3753, 'Páli', '9345', 'GS'),
(3754, 'Magyarkeresztúr', '9346', 'GS'),
(3755, 'Vadosfa', '9346', 'GS'),
(3756, 'Zsebeháza', '9346', 'GS'),
(3757, 'Babót', '9351', 'GS'),
(3758, 'Veszkény', '9352', 'GS'),
(3759, 'Szárföld', '9353', 'GS'),
(3760, 'Osli', '9354', 'GS'),
(3761, 'Hövej', '9361', 'GS'),
(3762, 'Himod', '9362', 'GS'),
(3763, 'Gyóró', '9363', 'GS'),
(3764, 'Cirák', '9364', 'GS'),
(3765, 'Dénesfa', '9365', 'GS'),
(3766, 'Vitnyéd', '9371', 'GS'),
(3767, 'Csapod', '9372', 'GS'),
(3768, 'Pusztacsalád', '9373', 'GS'),
(3769, 'Iván', '9374', 'GS'),
(3770, 'Répceszemere', '9375', 'GS'),
(3771, 'Csáfordjánosfa', '9375', 'GS'),
(3772, 'Csér', '9375', 'GS'),
(3773, 'Sopron', '9400', 'GS'),
(3774, 'Sopron', '9401', 'GS'),
(3775, 'Sopron', '9402', 'GS'),
(3776, 'Sopron', '9403', 'GS'),
(3777, 'Sopron', '9404', 'GS'),
(3778, 'Sopron', '9405', 'GS'),
(3779, 'Sopron', '9406', 'GS'),
(3780, 'Sopron', '9407', 'GS'),
(3781, 'Sopron', '9408', 'GS'),
(3782, 'Sopron', '9409', 'GS'),
(3783, 'Fertőrákos', '9421', 'GS'),
(3784, 'Harka', '9422', 'GS'),
(3785, 'Ágfalva', '9423', 'GS'),
(3786, 'Fertőd', '9431', 'GS'),
(3787, 'Fertőd', '9433', 'GS'),
(3788, 'Fertőd', '9434', 'GS'),
(3789, 'Sarród', '9435', 'GS'),
(3790, 'Fertőszéplak', '9436', 'GS'),
(3791, 'Hegykő', '9437', 'GS'),
(3792, 'Sarród', '9438', 'GS'),
(3793, 'Agyagosszergény', '9441', 'GS'),
(3794, 'Fertőendréd', '9442', 'GS'),
(3795, 'Petőháza', '9443', 'GS'),
(3796, 'Fertőszentmiklós', '9444', 'GS'),
(3797, 'Röjtökmuzsaj', '9451', 'GS'),
(3798, 'Ebergőc', '9451', 'GS'),
(3799, 'Lövő', '9461', 'GS'),
(3800, 'Völcsej', '9462', 'GS'),
(3801, 'Sopronhorpács', '9463', 'GS'),
(3802, 'Und', '9464', 'GS'),
(3803, 'Nemeskér', '9471', 'GS'),
(3804, 'Újkér', '9472', 'GS'),
(3805, 'Egyházasfalu', '9473', 'GS'),
(3806, 'Szakony', '9474', 'GS'),
(3807, 'Gyalóka', '9474', 'GS'),
(3808, 'Répcevis', '9475', 'GS'),
(3809, 'Zsira', '9476', 'GS'),
(3810, 'Pinnye', '9481', 'GS'),
(3811, 'Nagylózs', '9482', 'GS'),
(3812, 'Sopronkövesd', '9483', 'GS'),
(3813, 'Pereszteg', '9484', 'GS'),
(3814, 'Nagycenk', '9485', 'GS'),
(3815, 'Hidegség', '9491', 'GS'),
(3816, 'Fertőhomok', '9492', 'GS'),
(3817, 'Fertőboz', '9493', 'GS'),
(3818, 'Fertőboz', '9494', 'GS'),
(3819, 'Kópháza', '9495', 'GS'),
(3820, 'Celldömölk', '9500', 'VA'),
(3821, 'Celldömölk', '9501', 'VA'),
(3822, 'Celldömölk', '9502', 'VA'),
(3823, 'Celldömölk', '9503', 'VA'),
(3824, 'Kemenesmihályfa', '9511', 'VA'),
(3825, 'Ostffyasszonyfa', '9512', 'VA'),
(3826, 'Csönge', '9513', 'VA'),
(3827, 'Kenyeri', '9514', 'VA'),
(3828, 'Pápoc', '9515', 'VA'),
(3829, 'Vönöck', '9516', 'VA'),
(3830, 'Kemenessömjén', '9517', 'VA'),
(3831, 'Kemenesszentmárton', '9521', 'VA'),
(3832, 'Kemenesmagasi', '9522', 'VA'),
(3833, 'Szergény', '9523', 'VA'),
(3834, 'Mersevát', '9531', 'VA'),
(3835, 'Külsővat', '9532', 'VE'),
(3836, 'Nemesszalók', '9533', 'VE'),
(3837, 'Vinár', '9534', 'VE'),
(3838, 'Marcalgergelyi', '9534', 'VE'),
(3839, 'Vinár', '9541', 'VA'),
(3840, 'Nemeskocs', '9542', 'VA'),
(3841, 'Boba', '9542', 'VA'),
(3842, 'Kemenespálfa', '9544', 'VA'),
(3843, 'Jánosháza', '9545', 'VA'),
(3844, 'Karakó', '9547', 'VA'),
(3845, 'Nemeskeresztúr', '9548', 'VA'),
(3846, 'Keléd', '9549', 'VA'),
(3847, 'Mesteri', '9551', 'VA'),
(3848, 'Vásárosmiske', '9552', 'VA'),
(3849, 'Köcsk', '9553', 'VA'),
(3850, 'Kemeneskápolna', '9553', 'VA'),
(3851, 'Borgáta', '9554', 'VA'),
(3852, 'Egyházashetye', '9554', 'VA'),
(3853, 'Kissomlyó', '9555', 'VA'),
(3854, 'Duka', '9556', 'VA'),
(3855, 'Nagysimonyi', '9561', 'VA'),
(3856, 'Tokorcs', '9561', 'VA'),
(3857, 'Sárvár', '9600', 'VA'),
(3858, 'Sárvár', '9601', 'VA'),
(3859, 'Sárvár', '9602', 'VA'),
(3860, 'Sárvár', '9608', 'VA'),
(3861, 'Sárvár', '9609', 'VA'),
(3862, 'Csénye', '9611', 'VA'),
(3863, 'Porpác', '9612', 'VA'),
(3864, 'Bögöt', '9612', 'VA'),
(3865, 'Ölbő', '9621', 'VA'),
(3866, 'Szeleste', '9622', 'VA'),
(3867, 'Répceszentgyörgy', '9623', 'VA'),
(3868, 'Chernelházadamonya', '9624', 'VA'),
(3869, 'Bő', '9625', 'VA'),
(3870, 'Gór', '9625', 'VA'),
(3871, 'Hegyfalu', '9631', 'VA'),
(3872, 'Sajtoskál', '9632', 'VA'),
(3873, 'Simaság', '9633', 'VA'),
(3874, 'Iklanberény', '9634', 'VA'),
(3875, 'Lócs', '9634', 'VA'),
(3876, 'Zsédeny', '9635', 'VA'),
(3877, 'Pósfa', '9636', 'VA'),
(3878, 'Rábapaty', '9641', 'VA'),
(3879, 'Jákfa', '9643', 'VA'),
(3880, 'Uraiújfalu', '9651', 'VA'),
(3881, 'Nick', '9652', 'VA'),
(3882, 'Répcelak', '9653', 'VA'),
(3883, 'Csánig', '9654', 'VA'),
(3884, 'Vasegerszeg', '9661', 'VA'),
(3885, 'Tompaládony', '9662', 'VA'),
(3886, 'Mesterháza', '9662', 'VA'),
(3887, 'Nemesládony', '9663', 'VA'),
(3888, 'Nagygeresd', '9664', 'VA'),
(3889, 'Vámoscsalád', '9665', 'VA'),
(3890, 'Sitke', '9671', 'VA'),
(3891, 'Gérce', '9672', 'VA'),
(3892, 'Káld', '9673', 'VA'),
(3893, 'Vashosszúfalu', '9674', 'VA'),
(3894, 'Bögöte', '9675', 'VA'),
(3895, 'Hosszúpereszteg', '9676', 'VA'),
(3896, 'Sótony', '9681', 'VA'),
(3897, 'Nyőgér', '9682', 'VA'),
(3898, 'Bejcgyertyános', '9683', 'VA'),
(3899, 'Egervölgy', '9684', 'VA'),
(3900, 'Szemenye', '9685', 'VA'),
(3901, 'Szombathely', '9700', 'VA'),
(3902, 'Szombathely', '9701', 'VA'),
(3903, 'Szombathely', '9702', 'VA'),
(3904, 'Szombathely', '9703', 'VA'),
(3905, 'Szombathely', '9704', 'VA'),
(3906, 'Szombathely', '9705', 'VA'),
(3907, 'Szombathely', '9706', 'VA'),
(3908, 'Szombathely', '9707', 'VA'),
(3909, 'Szombathely', '9708', 'VA'),
(3910, 'Szombathely', '9709', 'VA'),
(3911, 'Szombathely', '9710', 'VA'),
(3912, 'Szombathely', '9719', 'VA'),
(3913, 'Gencsapáti', '9721', 'VA'),
(3914, 'Perenye', '9722', 'VA'),
(3915, 'Lukácsháza', '9723', 'VA'),
(3916, 'Gyöngyösfalu', '9724', 'VA'),
(3917, 'Kőszegszerdahely', '9725', 'VA'),
(3918, 'Cák', '9725', 'VA'),
(3919, 'Kőszegdoroszló', '9725', 'VA'),
(3920, 'Velem', '9726', 'VA'),
(3921, 'Bozsok', '9727', 'VA'),
(3922, 'Kőszeg', '9730', 'VA'),
(3923, 'Kőszeg', '9731', 'VA'),
(3924, 'Kőszeg', '9732', 'VA'),
(3925, 'Horvátzsidány', '9733', 'VA'),
(3926, 'Kiszsidány', '9733', 'VA'),
(3927, 'Ólmod', '9733', 'VA'),
(3928, 'Peresznye', '9734', 'VA'),
(3929, 'Csepreg', '9735', 'VA'),
(3930, 'Tormásliget', '9736', 'VA'),
(3931, 'Bük', '9737', 'VA'),
(3932, 'Tömörd', '9738', 'VA'),
(3933, 'Pusztacsó', '9739', 'VA'),
(3934, 'Kőszegpaty', '9739', 'VA'),
(3935, 'Nemescsó', '9739', 'VA'),
(3936, 'Pusztacsó', '9740', 'VA'),
(3937, 'Vassurány', '9741', 'VA'),
(3938, 'Salköveskút', '9742', 'VA'),
(3939, 'Söpte', '9743', 'VA'),
(3940, 'Vasasszonyfa', '9744', 'VA'),
(3941, 'Meszlen', '9745', 'VA'),
(3942, 'Acsád', '9746', 'VA'),
(3943, 'Vasszilvágy', '9747', 'VA'),
(3944, 'Vát', '9748', 'VA'),
(3945, 'Nemesbőd', '9749', 'VA'),
(3946, 'Vép', '9751', 'VA'),
(3947, 'Bozzai', '9752', 'VA'),
(3948, 'Kenéz', '9752', 'VA'),
(3949, 'Pecöl', '9754', 'VA'),
(3950, 'Megyehíd', '9754', 'VA'),
(3951, 'Ikervár', '9756', 'VA'),
(3952, 'Meggyeskovácsi', '9757', 'VA'),
(3953, 'Táplánszentkereszt', '9761', 'VA'),
(3954, 'Tanakajd', '9762', 'VA'),
(3955, 'Vasszécseny', '9763', 'VA'),
(3956, 'Csempeszkopács', '9764', 'VA'),
(3957, 'Rábatöttös', '9766', 'VA'),
(3958, 'Zsennye', '9766', 'VA'),
(3959, 'Rum', '9766', 'VA'),
(3960, 'Balogunyom', '9771', 'VA'),
(3961, 'Kisunyom', '9772', 'VA'),
(3962, 'Sorokpolány', '9773', 'VA'),
(3963, 'Gyanógeregye', '9774', 'VA'),
(3964, 'Sorkikápolna', '9774', 'VA'),
(3965, 'Sorkifalud', '9774', 'VA'),
(3966, 'Nemeskolta', '9775', 'VA'),
(3967, 'Püspökmolnári', '9776', 'VA'),
(3968, 'Rábahídvég', '9777', 'VA'),
(3969, 'Egyházashollós', '9781', 'VA'),
(3970, 'Nemesrempehollós', '9782', 'VA'),
(3971, 'Egyházasrádóc', '9783', 'VA'),
(3972, 'Rádóckölked', '9784', 'VA'),
(3973, 'Harasztifalu', '9784', 'VA'),
(3974, 'Nagykölked', '9784', 'VA'),
(3975, 'Sé', '9789', 'VA'),
(3976, 'Dozmat', '9791', 'VA'),
(3977, 'Torony', '9791', 'VA'),
(3978, 'Bucsu', '9792', 'VA'),
(3979, 'Narda', '9793', 'VA'),
(3980, 'Felsőcsatár', '9794', 'VA'),
(3981, 'Vaskeresztes', '9795', 'VA'),
(3982, 'Horvátlövő', '9796', 'VA'),
(3983, 'Pornóapáti', '9796', 'VA'),
(3984, 'Nárai', '9797', 'VA'),
(3985, 'Ják', '9798', 'VA'),
(3986, 'Szentpéterfa', '9799', 'VA'),
(3987, 'Vasvár', '9800', 'VA'),
(3988, 'Vasvár', '9801', 'VA'),
(3989, 'Andrásfa', '9811', 'VA'),
(3990, 'Telekes', '9812', 'VA'),
(3991, 'Gersekarát', '9813', 'VA'),
(3992, 'Sárfimizdó', '9813', 'VA'),
(3993, 'Halastó', '9814', 'VA'),
(3994, 'Hegyhátszentpéter', '9821', 'VA'),
(3995, 'Győrvár', '9821', 'VA'),
(3996, 'Pácsony', '9823', 'VA'),
(3997, 'Olaszfa', '9824', 'VA'),
(3998, 'Oszkó', '9825', 'VA'),
(3999, 'Petőmihályfa', '9826', 'VA'),
(4000, 'Bérbaltavár', '9831', 'VA'),
(4001, 'Nagytilaj', '9832', 'VA'),
(4002, 'Csehi', '9833', 'VA'),
(4003, 'Csehimindszent', '9834', 'VA'),
(4004, 'Mikosszéplak', '9835', 'VA'),
(4005, 'Csipkerek', '9836', 'VA'),
(4006, 'Kám', '9841', 'VA'),
(4007, 'Alsóújlak', '9842', 'VA'),
(4008, 'Körmend', '9900', 'VA'),
(4009, 'Körmend', '9901', 'VA'),
(4010, 'Magyarnádalja', '9909', 'VA'),
(4011, 'Körmend', '9909', 'VA'),
(4012, 'Magyarszecsőd', '9912', 'VA'),
(4013, 'Molnaszecsőd', '9912', 'VA'),
(4014, 'Döröske', '9913', 'VA'),
(4015, 'Szarvaskend', '9913', 'VA'),
(4016, 'Nagymizdó', '9913', 'VA'),
(4017, 'Döbörhegy', '9914', 'VA'),
(4018, 'Nádasd', '9915', 'VA'),
(4019, 'Katafa', '9915', 'VA'),
(4020, 'Hegyháthodász', '9915', 'VA'),
(4021, 'Hegyhátsál', '9915', 'VA'),
(4022, 'Halogy', '9917', 'VA'),
(4023, 'Daraboshegy', '9917', 'VA'),
(4024, 'Felsőmarác', '9918', 'VA'),
(4025, 'Csákánydoroszló', '9919', 'VA'),
(4026, 'Vasalja', '9921', 'VA'),
(4027, 'Pinkamindszent', '9922', 'VA'),
(4028, 'Kemestaródfa', '9923', 'VA'),
(4029, 'Ivánc', '9931', 'VA'),
(4030, 'Hegyhátszentmárton', '9931', 'VA'),
(4031, 'Viszák', '9932', 'VA'),
(4032, 'Őrimagyarósd', '9933', 'VA'),
(4033, 'Felsőjánosfa', '9934', 'VA'),
(4034, 'Szaknyér', '9934', 'VA'),
(4035, 'Hegyhátszentjakab', '9934', 'VA'),
(4036, 'Szőce', '9935', 'VA'),
(4037, 'Kisrákos', '9936', 'VA'),
(4038, 'Pankasz', '9937', 'VA'),
(4039, 'Szatta', '9938', 'VA'),
(4040, 'Nagyrákos', '9938', 'VA'),
(4041, 'Ispánk', '9941', 'VA'),
(4042, 'Őriszentpéter', '9941', 'VA'),
(4043, 'Szalafő', '9942', 'VA'),
(4044, 'Kondorfa', '9943', 'VA'),
(4045, 'Bajánsenye', '9944', 'VA'),
(4046, 'Kerkáskápolna', '9944', 'VA'),
(4047, 'Kercaszomor', '9945', 'VA'),
(4048, 'Magyarszombatfa', '9946', 'VA'),
(4049, 'Velemér', '9946', 'VA'),
(4050, 'Rátót', '9951', 'VA'),
(4051, 'Gasztony', '9952', 'VA'),
(4052, 'Nemesmedves', '9953', 'VA'),
(4053, 'Vasszentmihály', '9953', 'VA'),
(4054, 'Rönök', '9954', 'VA'),
(4055, 'Rönök', '9955', 'VA'),
(4056, 'Rábagyarmat', '9961', 'VA'),
(4057, 'Csörötnek', '9962', 'VA'),
(4058, 'Magyarlak', '9962', 'VA'),
(4059, 'Szentgotthárd', '9970', 'VA'),
(4060, 'Szentgotthárd', '9971', 'VA'),
(4061, 'Szentgotthárd', '9981', 'VA'),
(4062, 'Apátistvánfalva', '9982', 'VA'),
(4063, 'Kétvölgy', '9982', 'VA'),
(4064, 'Orfalu', '9982', 'VA'),
(4065, 'Alsószölnök', '9983', 'VA'),
(4066, 'Szakonyfalu', '9983', 'VA'),
(4067, 'Felsőszölnök', '9985', 'VA'),
(4068, 'Piliscsaba', '2087', 'PE'),
(4069, 'Pilisszentkereszt', '2099', 'PE'),
(4070, 'Cegléd', '2738', 'PE'),
(4071, 'Tata', '2835', 'KE'),
(4072, 'Komárom', '2921', 'KE'),
(4073, 'Lőrinci', '3024', 'HE'),
(4074, 'Pásztó', '3065', 'NO'),
(4075, 'Bátonyterenye', '3078', 'NO'),
(4076, 'Pásztó', '3082', 'NO'),
(4077, 'Salgótarján', '3141', 'NO'),
(4078, 'Kazár', '3147', 'NO'),
(4079, 'Gyöngyös', '3221', 'HE'),
(4080, 'Gyöngyös', '3232', 'HE'),
(4081, 'Gyöngyös', '3233', 'HE'),
(4082, 'Mátraszentimre', '3234', 'HE'),
(4083, 'Parád', '3244', 'HE'),
(4084, 'Ózd', '3625', 'BZ'),
(4085, 'Ózd', '3651', 'BZ'),
(4086, 'Ózd', '3661', 'BZ'),
(4087, 'Ózd', '3662', 'BZ'),
(4088, 'Edelény', '3783', 'BZ'),
(4089, 'Gesztely', '3923', 'BZ'),
(4090, 'Sátoraljaújhely', '3944', 'BZ'),
(4091, 'Sátoraljaújhely', '3945', 'BZ'),
(4092, 'Sátoraljaújhely', '3988', 'BZ'),
(4093, 'Egyek', '4067', 'HB'),
(4094, 'Hajdúböszörmény', '4074', 'HB'),
(4095, 'Debrecen', '4078', 'HB'),
(4096, 'Debrecen', '4079', 'HB'),
(4097, 'Hajdúböszörmény', '4086', 'HB'),
(4098, 'Szerep', '4162', 'HB'),
(4099, 'Nyíregyháza', '4246', 'SZ'),
(4100, 'Nyíradony', '4252', 'HB'),
(4101, 'Nyíradony', '4253', 'HB'),
(4102, 'Tiszaeszlár', '4446', 'SZ'),
(4103, 'Tiszalök', '4447', 'SZ'),
(4104, 'Nyíregyháza', '4481', 'SZ'),
(4105, 'Tiszatelek', '4486', 'SZ'),
(4106, 'Nyíregyháza', '4551', 'SZ'),
(4107, 'Tiszavárkony', '5095', 'JN'),
(4108, 'Jászberény', '5152', 'JN'),
(4109, 'Törökszentmiklós', '5212', 'JN'),
(4110, 'Fegyvernek', '5213', 'JN'),
(4111, 'Kenderes', '5349', 'JN'),
(4112, 'Tiszaföldvár', '5461', 'JN'),
(4113, 'Békéscsaba', '5623', 'BE'),
(4114, 'Békéscsaba', '5671', 'BE'),
(4115, 'Medgyesegyháza', '5752', 'BE'),
(4116, 'Kecskemét', '6044', 'BK'),
(4117, 'Csongrád', '6648', 'CS'),
(4118, 'Sárbogárd', '7018', 'FE'),
(4119, 'Sárbogárd', '7019', 'FE'),
(4120, 'Paks', '7027', 'TO'),
(4121, 'Bonyhád', '7187', 'TO'),
(4122, 'Kaposvár', '7409', 'SO'),
(4123, 'Barcs', '7557', 'SO'),
(4124, 'Mohács', '7714', 'BA'),
(4125, 'Mohács', '7715', 'BA'),
(4126, 'Balinka', '8054', 'FE'),
(4127, 'Balatonkenese', '8172', 'VE'),
(4128, 'Balatonkenese', '8173', 'VE'),
(4129, 'Balatonfűzfő', '8184', 'VE'),
(4130, 'Balatonfüred', '8236', 'VE'),
(4131, 'Badacsonytomaj', '8257', 'VE'),
(4132, 'Tapolca', '8297', 'VE'),
(4133, 'Veszprém', '8411', 'VE'),
(4134, 'Veszprém', '8412', 'VE'),
(4135, 'Ajka', '8447', 'VE'),
(4136, 'Ajka', '8448', 'VE'),
(4137, 'Ajka', '8451', 'VE'),
(4138, 'Marcaltő', '8531', 'VE'),
(4139, 'Pápa', '8591', 'VE'),
(4140, 'Pápa', '8598', 'VE'),
(4141, 'Balatonboglár', '8691', 'SO'),
(4142, 'Marcali', '8709', 'SO'),
(4143, 'Marcali', '8714', 'SO'),
(4144, 'Zalaszentgrót', '8785', 'ZA'),
(4145, 'Zalaszentgrót', '8789', 'ZA'),
(4146, 'Zalaszentgrót', '8793', 'ZA'),
(4147, 'Zalaszentgrót', '8795', 'ZA'),
(4148, 'Nagykanizsa', '8831', 'ZA'),
(4149, 'Mosonszentmiklós', '9183', 'GS'),
(4150, 'Sarród', '9434', 'GS'),
(4151, 'Sopron', '9494', 'GS'),
(4152, 'Celldömölk', '9541', 'VA'),
(4153, 'Bük', '9740', 'VA'),
(4154, 'Szentgotthárd', '9955', 'VA');

-- --------------------------------------------------------

--
-- Tábla szerkezet ehhez a táblához `transmissiontype`
--

CREATE TABLE `transmissiontype` (
  `TransmissionID` int(11) NOT NULL,
  `TransmissionType` varchar(10) DEFAULT NULL
) ENGINE=InnoDB DEFAULT CHARSET=utf8 COLLATE=utf8_hungarian_ci;

--
-- A tábla adatainak kiíratása `transmissiontype`
--

INSERT INTO `transmissiontype` (`TransmissionID`, `TransmissionType`) VALUES
(1, 'Manuális'),
(2, 'Automata');

--
-- Indexek a kiírt táblákhoz
--

--
-- A tábla indexei `bodytype`
--
ALTER TABLE `bodytype`
  ADD PRIMARY KEY (`BodyTypeID`);

--
-- A tábla indexei `brand`
--
ALTER TABLE `brand`
  ADD PRIMARY KEY (`BrandID`);

--
-- A tábla indexei `car`
--
ALTER TABLE `car`
  ADD PRIMARY KEY (`CarID`),
  ADD KEY `BodyTypeID` (`BodyTypeID`),
  ADD KEY `FuelID` (`FuelID`),
  ADD KEY `TransmissionID` (`TransmissionID`),
  ADD KEY `DriveID` (`DriveID`),
  ADD KEY `ModelID` (`ModelID`);

--
-- A tábla indexei `carmodel`
--
ALTER TABLE `carmodel`
  ADD PRIMARY KEY (`ModelID`),
  ADD KEY `BrandID` (`BrandID`);

--
-- A tábla indexei `drivetype`
--
ALTER TABLE `drivetype`
  ADD PRIMARY KEY (`DriveID`);

--
-- A tábla indexei `fueltype`
--
ALTER TABLE `fueltype`
  ADD PRIMARY KEY (`FuelID`);

--
-- A tábla indexei `renter`
--
ALTER TABLE `renter`
  ADD PRIMARY KEY (`RenterID`),
  ADD KEY `SettlementID` (`SettlementID`);

--
-- A tábla indexei `reservation`
--
ALTER TABLE `reservation`
  ADD PRIMARY KEY (`ReservationID`),
  ADD KEY `RenterID` (`RenterID`),
  ADD KEY `CarID` (`CarID`);

--
-- A tábla indexei `settlement`
--
ALTER TABLE `settlement`
  ADD PRIMARY KEY (`SettlementID`);

--
-- A tábla indexei `transmissiontype`
--
ALTER TABLE `transmissiontype`
  ADD PRIMARY KEY (`TransmissionID`);

--
-- A kiírt táblák AUTO_INCREMENT értéke
--

--
-- AUTO_INCREMENT a táblához `renter`
--
ALTER TABLE `renter`
  MODIFY `RenterID` int(11) NOT NULL AUTO_INCREMENT, AUTO_INCREMENT=2;

--
-- AUTO_INCREMENT a táblához `reservation`
--
ALTER TABLE `reservation`
  MODIFY `ReservationID` int(11) NOT NULL AUTO_INCREMENT;

--
-- Megkötések a kiírt táblákhoz
--

--
-- Megkötések a táblához `brand`
--
ALTER TABLE `brand`
  ADD CONSTRAINT `brand_ibfk_1` FOREIGN KEY (`BrandID`) REFERENCES `carmodel` (`BrandID`);

--
-- Megkötések a táblához `car`
--
ALTER TABLE `car`
  ADD CONSTRAINT `car_ibfk_1` FOREIGN KEY (`BodyTypeID`) REFERENCES `bodytype` (`BodyTypeID`),
  ADD CONSTRAINT `car_ibfk_2` FOREIGN KEY (`FuelID`) REFERENCES `fueltype` (`FuelID`),
  ADD CONSTRAINT `car_ibfk_4` FOREIGN KEY (`DriveID`) REFERENCES `drivetype` (`DriveID`),
  ADD CONSTRAINT `car_ibfk_5` FOREIGN KEY (`TransmissionID`) REFERENCES `transmissiontype` (`TransmissionID`),
  ADD CONSTRAINT `car_ibfk_6` FOREIGN KEY (`ModelID`) REFERENCES `carmodel` (`ModelID`);

--
-- Megkötések a táblához `renter`
--
ALTER TABLE `renter`
  ADD CONSTRAINT `renter_ibfk_1` FOREIGN KEY (`SettlementID`) REFERENCES `settlement` (`SettlementID`);

--
-- Megkötések a táblához `reservation`
--
ALTER TABLE `reservation`
  ADD CONSTRAINT `reservation_ibfk_2` FOREIGN KEY (`CarID`) REFERENCES `car` (`CarID`),
  ADD CONSTRAINT `reservation_ibfk_3` FOREIGN KEY (`RenterID`) REFERENCES `renter` (`RenterID`);
COMMIT;

/*!40101 SET CHARACTER_SET_CLIENT=@OLD_CHARACTER_SET_CLIENT */;
/*!40101 SET CHARACTER_SET_RESULTS=@OLD_CHARACTER_SET_RESULTS */;
/*!40101 SET COLLATION_CONNECTION=@OLD_COLLATION_CONNECTION */;
